{"params": {"learning_rate": 0.001, "dropout": 0.2, "n1": 128, "n2": 64, "epochs": 60, "batches_size": 100}, "train_loss_inc": [0.6664459447562695, 0.44137852477530637, 0.3982316061357657, 0.3721918226778507, 0.35634179040789604, 0.3448826170464357, 0.3326046233375867, 0.32131297479073206, 0.3145767142126958, 0.3078388975188136, 0.2996573297679424, 0.295378856236736, 0.28896393929918607, 0.2852016574144363, 0.28124490155527987, 0.2733190846939882, 0.2727391029645999, 0.2638488975415627, 0.264904219917953, 0.26123294555892546, 0.25296834579358496, 0.2535607995092869, 0.2519279437512159, 0.24679637795935075, 0.24562926715860764, 0.2417415929834048, 0.240086452960968, 0.23589913106213015, 0.237120927584668, 0.23198112520078817, 0.2314771751438578, 0.228767478056252, 0.22686844517787297, 0.22589926453928152, 0.22192862211416164, 0.22133156613757213, 0.2214207721253236, 0.2191505118459463, 0.21299737957616646, 0.21471748827646175, 0.21285986630866924, 0.211497246970733, 0.21232889295866092, 0.20893276809404293, 0.20732925107081732, 0.2036896316210429, 0.2031503421626985, 0.2032827465236187, 0.19907822087407112, 0.19922914957006774, 0.19982002668082713, 0.19902357527365286, 0.19711536154771844, 0.1944705689139664, 0.1935063433647156, 0.19507615316659213, 0.19047632018725077, 0.19372586558262508, 0.1926538940022389, 0.18818270997454722], "train_loss": [0.4304629754026731, 0.3696678888052702, 0.3358150671670834, 0.32390942802031836, 0.31403547793626785, 0.2934798978517453, 0.2829301562408606, 0.273004325752457, 0.2759567392617464, 0.2653323373198509, 0.25925502760956687, 0.24816013862689337, 0.24280208722998697, 0.24129178694138925, 0.23608223310361307, 0.22811827018857003, 0.22404671791940928, 0.21747486727933088, 0.21350487735122442, 0.2135400812700391, 0.20552997834980488, 0.21242235450694957, 0.2034006456534068, 0.1995364024862647, 0.20143240079283714, 0.19220573748151462, 0.19321449503302573, 0.19148942902684213, 0.19349954061210156, 0.18608622884998718, 0.18634567905217408, 0.1846842207138737, 0.18446639665092032, 0.18065432084103425, 0.18212299811343352, 0.1666620796173811, 0.17209836815794308, 0.16768121334413688, 0.1625738856444756, 0.16821586919948459, 0.16384074519698819, 0.15696471840143203, 0.16267215529456736, 0.15932393815989296, 0.1587862077417473, 0.16192738218853872, 0.15426350700979433, 0.15333330763503908, 0.15280392593393724, 0.15564769613246124, 0.15123634001861017, 0.1618701981815199, 0.1460896515349547, 0.14699240165452163, 0.1481522194792827, 0.153180274417003, 0.14653051221743227, 0.1373098116678496, 0.13851726049557328, 0.1367366069679459], "valid_loss": [0.46136514395475386, 0.41375534430146216, 0.3823651444911957, 0.3757412350177765, 0.37569324776530266, 0.3604066343605518, 0.3458218502998352, 0.34508014500141143, 0.35062760546803473, 0.34293949365615845, 0.3459008923172951, 0.33426002189517023, 0.3309449262917042, 0.33734113961458206, 0.32752660736441613, 0.32628669708967206, 0.3243733923137188, 0.32543744072318076, 0.3218664053082466, 0.326687271296978, 0.32303313493728636, 0.3282689274847507, 0.3209026201069355, 0.3292224951088428, 0.3319757178425789, 0.32954777374863625, 0.329901292771101, 0.32816430285573006, 0.33261078111827375, 0.3341457225382328, 0.3279822589457035, 0.3386369861662388, 0.33625549808144567, 0.3447072595357895, 0.3329815483093262, 0.33151072934269904, 0.33205765619874, 0.33354633070528505, 0.3251039718091488, 0.3404168938100338, 0.33208069488406183, 0.3333444754779339, 0.33374413296580313, 0.3437123130261898, 0.33093210607767104, 0.34357619777321813, 0.3454735839366913, 0.34484513476490974, 0.3376819174736738, 0.34730579406023027, 0.34399041026830673, 0.3444567982852459, 0.34991584479808807, 0.351343075633049, 0.35406067736446856, 0.3579590682685375, 0.3541740247607231, 0.3493011552095413, 0.3478953160345554, 0.349955278635025], "train_acc_inc": [0.7611166666666667, 0.8406333333333333, 0.8571666666666666, 0.8666166666666667, 0.8699333333333333, 0.87475, 0.87825, 0.8844666666666666, 0.8845666666666666, 0.8862, 0.8894333333333333, 0.8904166666666666, 0.8934333333333333, 0.8950833333333333, 0.8945166666666666, 0.898, 0.8982166666666667, 0.9022333333333333, 0.9022833333333333, 0.9022833333333333, 0.9053, 0.9042666666666667, 0.9058833333333334, 0.9065666666666666, 0.9080166666666667, 0.9094166666666667, 0.9098, 0.9116333333333333, 0.9107166666666666, 0.91185, 0.9116, 0.9137166666666666, 0.9139166666666667, 0.9144333333333333, 0.91615, 0.9169333333333334, 0.9161333333333334, 0.91695, 0.9192333333333333, 0.91885, 0.9182166666666667, 0.9211166666666667, 0.9185, 0.9204833333333333, 0.9212166666666667, 0.9217, 0.9235666666666666, 0.92285, 0.9241666666666667, 0.9234333333333333, 0.9238666666666666, 0.9242, 0.9246333333333333, 0.9260833333333334, 0.9257833333333333, 0.9260833333333334, 0.9284, 0.9265333333333333, 0.92605, 0.92895], "train_acc": [0.8457833333333333, 0.8653666666666666, 0.8774666666666666, 0.8815166666666666, 0.8847333333333334, 0.8909333333333334, 0.89585, 0.8993833333333333, 0.89685, 0.8999, 0.9008833333333334, 0.9067666666666667, 0.9091333333333333, 0.90845, 0.90845, 0.9126, 0.9166, 0.9176666666666666, 0.9199166666666667, 0.9184, 0.92205, 0.9181333333333334, 0.9239666666666667, 0.9218166666666666, 0.9232166666666667, 0.9267, 0.9262, 0.9266166666666666, 0.9270833333333334, 0.9294333333333333, 0.9286666666666666, 0.9269333333333334, 0.92905, 0.9299, 0.9318333333333333, 0.9360666666666667, 0.9343333333333333, 0.9361333333333334, 0.9379166666666666, 0.93385, 0.93805, 0.9398, 0.9382333333333334, 0.9388833333333333, 0.9391166666666667, 0.9367833333333333, 0.94105, 0.9421333333333334, 0.9416166666666667, 0.9394666666666667, 0.9415833333333333, 0.9384666666666667, 0.9449833333333333, 0.94345, 0.9436, 0.94165, 0.9437166666666666, 0.94785, 0.94685, 0.94775], "valid_acc": [0.8335, 0.851, 0.861, 0.8625, 0.8646, 0.8689, 0.8733, 0.8775, 0.8753, 0.8738, 0.8749, 0.8797, 0.8832, 0.8818, 0.879, 0.8821, 0.8834, 0.8827, 0.8888, 0.8849, 0.8857, 0.8827, 0.8879, 0.8878, 0.8854, 0.8882, 0.8868, 0.8856, 0.8873, 0.8869, 0.8879, 0.8869, 0.8852, 0.889, 0.8872, 0.8902, 0.8879, 0.8872, 0.8915, 0.8885, 0.8892, 0.8909, 0.8928, 0.8919, 0.8894, 0.8872, 0.8894, 0.8888, 0.8914, 0.8887, 0.8909, 0.8876, 0.8891, 0.8915, 0.8914, 0.8868, 0.8934, 0.8922, 0.893, 0.8925]}