{"params": {"learning_rate": 0.005, "dropout": 0.5, "n1": 256, "n2": 128, "epochs": 50, "batches_size": 60}, "train_loss_inc": [1.9337925864458083, 1.1976754842996598, 0.9616231891512871, 0.8616163294315338, 0.7964256039261818, 0.7504891096949577, 0.7115052131414413, 0.6813610852658749, 0.6517084805369378, 0.6303633917868138, 0.6072969900071621, 0.5914067123830319, 0.573949705183506, 0.5590983357727528, 0.5508129834830761, 0.5409905242919922, 0.53066358974576, 0.5216694917678834, 0.508311470001936, 0.5026199163347482, 0.49988632725179194, 0.4889718622267246, 0.48795202589035036, 0.47740283554792406, 0.4714408024996519, 0.4689067374765873, 0.4634904263317585, 0.4582628993690014, 0.4566217303872108, 0.45204786866903307, 0.4445633408874273, 0.44203365477919576, 0.43720998279750345, 0.4369029221832752, 0.4330188390314579, 0.4305153499394655, 0.42636518263816836, 0.4221556889861822, 0.4206575079113245, 0.418130966976285, 0.4162607023715973, 0.41441939188539983, 0.4085795225352049, 0.4077588120996952, 0.4057245564609766, 0.4025075898617506, 0.4021447638422251, 0.3991993016600609, 0.397389002725482, 0.3930005071014166], "train_loss": [1.2925747125148772, 0.9014275920987129, 0.7824607068300247, 0.715591485798359, 0.6662912095487118, 0.6301870367228984, 0.5971819218397141, 0.5711214920580387, 0.5480368609726429, 0.5286580781787634, 0.515179682970047, 0.49903932771086695, 0.48458496408164503, 0.4714525369852781, 0.463397705167532, 0.45497757536172867, 0.4452437371611595, 0.43846737061440944, 0.4317550700902939, 0.42610766234993935, 0.41845682549476626, 0.41300388672947885, 0.4108056654036045, 0.40479281179606913, 0.39966859009861944, 0.3959196795076132, 0.39159887343645094, 0.38739123511314394, 0.3846538699567318, 0.3790169212222099, 0.37651701851189134, 0.3743952544629574, 0.3695166731625795, 0.3666339754909277, 0.36408211848139765, 0.36195975929498675, 0.35892831705510614, 0.3560106919258833, 0.35341934132575986, 0.3516223836094141, 0.34882931535691025, 0.34704813185334205, 0.3443040456548333, 0.3421623953208327, 0.3436445632427931, 0.33759567245841027, 0.3351482412144542, 0.3369570944309235, 0.33204969853907823, 0.3301782863214612], "valid_loss": [1.2988112779434569, 0.9133656164129337, 0.7973403609441426, 0.7310982512499757, 0.6838250806231698, 0.649045335853885, 0.6174825599450551, 0.5920029023807206, 0.5703385565095319, 0.5522731708552309, 0.5413099157952976, 0.5242657286678246, 0.5110304870469842, 0.4989546589151828, 0.49241295590729056, 0.4840576111556527, 0.47505368229871736, 0.4697907945353114, 0.4637045740724324, 0.4593904197751405, 0.4516882950852731, 0.4470518293851864, 0.445299805638319, 0.4402550750685309, 0.43599587027541176, 0.4331197483453922, 0.42875550642698823, 0.42705506853714675, 0.42399545192361593, 0.4186590498614454, 0.4160363832990566, 0.41613514542936564, 0.41070874606420893, 0.40927607552733963, 0.4072804254686047, 0.4056489846842018, 0.40250383174704935, 0.4017428405984433, 0.3985721717873019, 0.39638560885440804, 0.3941407167982912, 0.39333200472557617, 0.39154756881162794, 0.38963578552186134, 0.393585640424026, 0.3855824086837426, 0.38455726322299705, 0.38664814490758015, 0.38159556677955353, 0.38114732709116567], "train_acc_inc": [0.3186, 0.5500166666666667, 0.6360166666666667, 0.6757, 0.7064166666666667, 0.7270166666666666, 0.7432, 0.7572166666666666, 0.7692666666666667, 0.7779833333333334, 0.7881166666666667, 0.7930166666666667, 0.8005666666666666, 0.8058666666666666, 0.8079833333333334, 0.8131666666666667, 0.8165666666666667, 0.8210333333333333, 0.82295, 0.82575, 0.8268166666666666, 0.8293166666666667, 0.8294666666666667, 0.8348, 0.8350666666666666, 0.83725, 0.8375833333333333, 0.8412833333333334, 0.8389833333333333, 0.8422666666666667, 0.8440833333333333, 0.8457333333333333, 0.8477666666666667, 0.8473, 0.8491, 0.8504, 0.8515, 0.8533166666666666, 0.8529666666666667, 0.8544833333333334, 0.8539833333333333, 0.8558166666666667, 0.8572166666666666, 0.8575333333333334, 0.8581166666666666, 0.8594666666666667, 0.8599333333333333, 0.8611666666666666, 0.8629166666666667, 0.8623166666666666], "train_acc": [0.6307166666666667, 0.6512, 0.7003666666666667, 0.73325, 0.7577166666666667, 0.7736833333333333, 0.7883, 0.79905, 0.8072666666666667, 0.8125333333333333, 0.8174, 0.8217833333333333, 0.8278166666666666, 0.8318166666666666, 0.8355333333333334, 0.8363666666666667, 0.8419166666666666, 0.8433833333333334, 0.8457166666666667, 0.8462833333333334, 0.8498, 0.851, 0.8525166666666667, 0.8541333333333333, 0.8554, 0.8567, 0.8582333333333333, 0.8603833333333334, 0.8616, 0.8637166666666667, 0.8643333333333333, 0.8645, 0.86675, 0.8674333333333333, 0.8685833333333334, 0.8696333333333334, 0.87045, 0.8725, 0.873, 0.87265, 0.8743833333333333, 0.87515, 0.8764166666666666, 0.87665, 0.8752166666666666, 0.8784333333333333, 0.87875, 0.87825, 0.8802, 0.8810166666666667], "valid_acc": [0.623, 0.6424, 0.6905, 0.7237, 0.7479, 0.762, 0.7765, 0.7887, 0.7966, 0.8021, 0.8046, 0.812, 0.8177, 0.8199, 0.8217, 0.823, 0.8285, 0.8306, 0.8334, 0.8325, 0.8382, 0.8394, 0.8392, 0.8405, 0.8423, 0.8443, 0.8455, 0.846, 0.8463, 0.8479, 0.8492, 0.8494, 0.8506, 0.8518, 0.8525, 0.8533, 0.8537, 0.8549, 0.8569, 0.8561, 0.8576, 0.8583, 0.8594, 0.8593, 0.8572, 0.8611, 0.8613, 0.8597, 0.8625, 0.8625]}