{"train_loss_inc": [2.292101937135061, 2.2587933282057446, 2.2172856680552164, 2.159166105588277, 2.0770254067579903, 1.9770526228348415, 1.860761008063952, 1.751775212287903, 1.652812961935997, 1.572507322827975, 1.5058728249867757, 1.4461772282918295, 1.397845795750618, 1.3587448902924855, 1.3229965176184972, 1.2852724357446035, 1.2553588783740997, 1.2278439204891523, 1.205929570098718, 1.1819859152038892, 1.1601481731732686, 1.1418716816107433, 1.1223581746220588, 1.103840668896834, 1.0913008146484693, 1.0755720564723015, 1.061485136349996, 1.047772211432457, 1.029989695250988, 1.0169312824805579, 1.0087575844923655, 0.9975262361764908, 0.9856546759605408, 0.9742617284258207, 0.9656542445222537, 0.9579871602853139, 0.9498513047893842, 0.9391957905888557, 0.93195853749911, 0.9185933620731036, 0.9149630760153135, 0.905769989490509, 0.9021554112434387, 0.8931652715802193, 0.8892273552219073, 0.8800252631306649, 0.8783956861495972, 0.8723966851830482, 0.8651877237359683, 0.8606874560316403], "train_loss": [2.2715296709537505, 2.228843733072281, 2.170817230939865, 2.088213218053182, 1.9748901303609212, 1.8400111778577168, 1.69776941994826, 1.5689319777488708, 1.4610546799500783, 1.3751128526528675, 1.3054603737592698, 1.2483830281098685, 1.19950803677241, 1.1584685003757478, 1.1217006396253903, 1.0893377511699995, 1.0600934523344039, 1.0341481338938077, 1.0112218950192133, 0.9893933408459028, 0.9704378072420756, 0.9516446037093799, 0.9341368287801742, 0.9186657783389092, 0.9043676029642423, 0.8902152424057325, 0.8769830245772997, 0.8643561661243438, 0.8521392319599788, 0.8411761184533437, 0.8313277758161227, 0.8215190918246905, 0.8118308721979459, 0.8033631518483162, 0.7953827705979347, 0.7878057911992074, 0.7811135812600454, 0.7739623693625132, 0.7671244271596273, 0.7606960638364156, 0.7540098754564921, 0.7476033480962118, 0.7426107956965764, 0.7372021156549454, 0.732338039179643, 0.726647137204806, 0.7221398247281711, 0.717992268105348, 0.7126589639981588, 0.7083697799841563], "valid_loss": [2.2714466643333435, 2.2289158868789674, 2.1710621666908265, 2.088805296421051, 1.9761361765861511, 1.8420477068424226, 1.700586634874344, 1.5726729977130889, 1.4655833888053893, 1.3804316794872284, 1.3116057789325715, 1.255219157934189, 1.2070399749279022, 1.1668484365940095, 1.1304473567008972, 1.0990110129117965, 1.0701635575294495, 1.0444852304458618, 1.0220217490196228, 1.000830830335617, 0.982201292514801, 0.9635351312160492, 0.9465104919672013, 0.9312118512392044, 0.9176471567153931, 0.9035410076379776, 0.8905242222547531, 0.8778574776649475, 0.8658929675817489, 0.855229355096817, 0.8458391958475113, 0.8361878407001495, 0.8261775594949722, 0.8179398274421692, 0.8099926871061325, 0.8024763333797454, 0.7961739015579223, 0.7891054821014404, 0.7825561255216599, 0.776281657218933, 0.769670593738556, 0.7633234041929245, 0.7583623862266541, 0.7533041042089462, 0.7484603607654572, 0.742912169098854, 0.7385616707801819, 0.7344839090108871, 0.7293035286664963, 0.7253644585609436], "train_acc_inc": [0.11165, 0.1687, 0.21353333333333332, 0.25205, 0.2882, 0.3122, 0.33513333333333334, 0.3582, 0.3873333333333333, 0.40855, 0.42435, 0.4503333333333333, 0.4683333333333333, 0.48325, 0.4942666666666667, 0.5091, 0.5220666666666667, 0.5308666666666667, 0.5404166666666667, 0.549, 0.5599166666666666, 0.56705, 0.5767166666666667, 0.583, 0.5866666666666667, 0.5948, 0.5997333333333333, 0.6066833333333334, 0.61405, 0.6202833333333333, 0.6210833333333333, 0.6262833333333333, 0.6313666666666666, 0.6368333333333334, 0.64025, 0.6425166666666666, 0.6457166666666667, 0.64925, 0.6559833333333334, 0.65935, 0.659, 0.6643, 0.6648666666666667, 0.66735, 0.6720833333333334, 0.67485, 0.6760666666666667, 0.6783333333333333, 0.6794, 0.6831666666666667], "train_acc": [0.20121666666666665, 0.24118333333333333, 0.34955, 0.4019, 0.41358333333333336, 0.43246666666666667, 0.45475, 0.4857, 0.5290833333333333, 0.5582, 0.5702666666666667, 0.58455, 0.5916833333333333, 0.5956666666666667, 0.6024166666666667, 0.6145666666666667, 0.61675, 0.6346666666666667, 0.6389, 0.6457333333333334, 0.6524833333333333, 0.6614833333333333, 0.6655666666666666, 0.6691666666666667, 0.674, 0.67405, 0.6804166666666667, 0.6861833333333334, 0.6893333333333334, 0.6897166666666666, 0.69555, 0.7020833333333333, 0.7035, 0.7095833333333333, 0.7107833333333333, 0.7118333333333333, 0.7113833333333334, 0.7175, 0.7163833333333334, 0.7137666666666667, 0.7238833333333333, 0.7292833333333333, 0.7284166666666667, 0.7323666666666667, 0.73275, 0.7351833333333333, 0.73735, 0.7369166666666667, 0.74155, 0.7423], "valid_acc": [0.1993, 0.2401, 0.3412, 0.3966, 0.4074, 0.4259, 0.4499, 0.4837, 0.5248, 0.5502, 0.5629, 0.5788, 0.5857, 0.5905, 0.5959, 0.6087, 0.6124, 0.6272, 0.6303, 0.6371, 0.643, 0.6503, 0.6555, 0.6593, 0.663, 0.6617, 0.6671, 0.6735, 0.6768, 0.677, 0.6813, 0.6878, 0.6893, 0.695, 0.6964, 0.6978, 0.6985, 0.7038, 0.7025, 0.7023, 0.7108, 0.7175, 0.7167, 0.7211, 0.7204, 0.7227, 0.7266, 0.7243, 0.7314, 0.7317]}