{"params": {"learning_rate": 0.001, "dropout": 0.2, "n1": 256, "n2": 128, "epochs": 50, "batches_size": 100}, "train_loss_inc": [2.286588752667109, 2.240478237469991, 2.172814193169276, 2.0648193669319155, 1.9025250776608784, 1.6996698047717411, 1.5109246192375818, 1.3629689476887386, 1.25635398209095, 1.176889870762825, 1.1126723781228065, 1.0657269872228305, 1.022215222318967, 0.9897962242364884, 0.9589539459347725, 0.93420791943868, 0.9104665036996206, 0.891742437283198, 0.8733620636661847, 0.8559997104605039, 0.8421671982606252, 0.8289591367046039, 0.8164443324009577, 0.8067008999983469, 0.7948969826102257, 0.7847258239984513, 0.7715045510729154, 0.7632911829153697, 0.7537879528105259, 0.7470005372166634, 0.741419680416584, 0.7314468318223953, 0.725109087228775, 0.7175327461957931, 0.7133825149138768, 0.7057833272715409, 0.6974944867690405, 0.6893184900780519, 0.6827314751843612, 0.6775897099574407, 0.6716394223769506, 0.6662914240856965, 0.6633082829912503, 0.6547711107631524, 0.6499025506774584, 0.6434480591118336, 0.6414006530245145, 0.636316527078549, 0.632704612960418, 0.6250371955831846], "train_loss": [2.2626238977909088, 2.206294508377711, 2.1173252431551615, 1.9776505341132482, 1.7791645318269729, 1.5643894805510838, 1.3851401845614115, 1.2507785352071126, 1.1523857539892197, 1.0787752334276834, 1.020995988547802, 0.9751652451356252, 0.9375625241796176, 0.9062666085362434, 0.8789479495088259, 0.8556880441308021, 0.8349882784485817, 0.8168094014128049, 0.8004614768425623, 0.7858659049868584, 0.772321571012338, 0.7602748613556226, 0.7493193619449934, 0.7384178334474564, 0.7286934677759807, 0.7193971154093742, 0.7108919601639112, 0.7022200282414754, 0.6940464037656784, 0.6862389354904492, 0.6791629720230897, 0.672093300819397, 0.6651667415102323, 0.6585404638946056, 0.6515107587476572, 0.6458259510000547, 0.6393831322093805, 0.6336375651756923, 0.6274452356000741, 0.6214776900410652, 0.6161112933854263, 0.6108830764393012, 0.6057525182267031, 0.600823803593715, 0.5962854314347108, 0.5911337526639303, 0.5867145356535911, 0.582253460586071, 0.5781221477687359, 0.5737395597000917], "valid_loss": [2.263152446746826, 2.2070325446128845, 2.118307476043701, 1.9790796303749085, 1.7814997339248657, 1.567916247844696, 1.3900511515140535, 1.2568227577209472, 1.1595039451122284, 1.0873073518276215, 1.0302559143304826, 0.9852442824840546, 0.9485284042358398, 0.9177266728878021, 0.8910142379999161, 0.8684847301244736, 0.8481659036874771, 0.8305441659688949, 0.8148098850250244, 0.8003744512796402, 0.7871030431985855, 0.7757122147083283, 0.7651844239234924, 0.7542745846509934, 0.745137637257576, 0.7360060316324234, 0.7277671867609024, 0.7192722225189209, 0.7115341222286224, 0.7041298604011536, 0.6972244036197662, 0.6903855276107788, 0.6837824940681457, 0.6772571939229965, 0.6704594752192498, 0.6653139126300812, 0.6586232045292855, 0.6531449398398399, 0.6470070162415504, 0.6415449568629265, 0.6361386096477508, 0.6312227675318718, 0.6263405355811119, 0.6216078224778175, 0.6171541783213615, 0.6125524440407752, 0.6083051535487175, 0.6039154210686684, 0.6000058329105378, 0.595625729560852], "train_acc_inc": [0.12048333333333333, 0.28258333333333335, 0.42865, 0.49551666666666666, 0.521, 0.5227, 0.5408666666666667, 0.5590333333333334, 0.5735666666666667, 0.5875, 0.5999666666666666, 0.6101333333333333, 0.6235, 0.6296833333333334, 0.6395166666666666, 0.64815, 0.6557666666666667, 0.6636166666666666, 0.6704833333333333, 0.6768, 0.68135, 0.68645, 0.6925833333333333, 0.6951833333333334, 0.7035166666666667, 0.7075833333333333, 0.7147166666666667, 0.7193833333333334, 0.7225666666666667, 0.7270333333333333, 0.7298, 0.7363833333333333, 0.7382333333333333, 0.7423, 0.7441, 0.7483166666666666, 0.7511166666666667, 0.7559166666666667, 0.7583, 0.7603333333333333, 0.7627166666666667, 0.7646666666666667, 0.7659833333333333, 0.7703666666666666, 0.7713666666666666, 0.7744166666666666, 0.7767333333333334, 0.7792666666666667, 0.7798333333333334, 0.7818833333333334], "train_acc": [0.1542, 0.44308333333333333, 0.5902, 0.6252333333333333, 0.6022666666666666, 0.6092666666666666, 0.61845, 0.6354666666666666, 0.6407166666666667, 0.6407833333333334, 0.6537166666666666, 0.6616666666666666, 0.6633166666666667, 0.6743, 0.6796666666666666, 0.6808666666666666, 0.6890666666666667, 0.6915833333333333, 0.6989666666666666, 0.7018833333333333, 0.7093833333333334, 0.71295, 0.7168, 0.7247333333333333, 0.7290666666666666, 0.7346, 0.73695, 0.7401, 0.7447666666666667, 0.7504166666666666, 0.75365, 0.7547, 0.7597333333333334, 0.7616666666666667, 0.7684166666666666, 0.7719, 0.7754833333333333, 0.7776166666666666, 0.7791333333333333, 0.7825333333333333, 0.7840333333333334, 0.7870333333333334, 0.7896833333333333, 0.7912, 0.79185, 0.7957166666666666, 0.7969166666666667, 0.7995, 0.8011166666666667, 0.8018166666666666], "valid_acc": [0.1498, 0.4464, 0.5844, 0.6192, 0.5933, 0.6021, 0.6115, 0.6272, 0.633, 0.6298, 0.6436, 0.6501, 0.6536, 0.6608, 0.6661, 0.6664, 0.6731, 0.6766, 0.6834, 0.6876, 0.6947, 0.6994, 0.7049, 0.7135, 0.7188, 0.7239, 0.7277, 0.7312, 0.7363, 0.741, 0.7454, 0.7461, 0.7519, 0.7539, 0.759, 0.7618, 0.7655, 0.7675, 0.7697, 0.7728, 0.7734, 0.7774, 0.7788, 0.7803, 0.7807, 0.7841, 0.7857, 0.7878, 0.7891, 0.7901]}