{"params": {"learning_rate": 0.001, "dropout": 0.5, "n1": 128, "n2": 64, "epochs": 50, "batches_size": 100}, "train_loss_inc": [2.2820161696275076, 2.2361051952838897, 2.1740102481842043, 2.0878014570474623, 1.9764561752478282, 1.8494583988189697, 1.7323975501457851, 1.6355485167105992, 1.5546406177679697, 1.4847592639923095, 1.4300276637077332, 1.3811124511559805, 1.337471394141515, 1.3021259379386902, 1.2627927317221959, 1.234163609345754, 1.204001347720623, 1.1791517576575279, 1.1575772927204768, 1.135579421520233, 1.1144880804419517, 1.0897102775176366, 1.075435173312823, 1.05997075766325, 1.0441697251796722, 1.030994533598423, 1.0145425898830096, 1.0037925170858701, 0.9930069292585055, 0.9770204156637192, 0.9693580998977025, 0.9544914139310519, 0.9480440026521683, 0.9395343334476153, 0.9299249219894409, 0.9223470303416252, 0.9172226400176684, 0.907562116185824, 0.896922120253245, 0.8923348174492518, 0.8849312507112821, 0.8794546801845232, 0.8785127732157707, 0.8714513115088145, 0.8625814791520436, 0.8534285471836726, 0.8530564900239309, 0.8453879079222679, 0.8449316694339116, 0.8362379596630732], "train_loss": [2.251666872501373, 2.1907595205307007, 2.102831962108612, 1.9806578350067139, 1.8322706494728724, 1.6791849011182785, 1.543807165225347, 1.4334611119826635, 1.3461017326513927, 1.2752115241686504, 1.2177414613962174, 1.1697876501083373, 1.128236889441808, 1.0915632491310439, 1.0584234115481377, 1.031128769715627, 1.004073061744372, 0.9810107452670733, 0.9594662201404571, 0.9400373842318853, 0.9213735122481982, 0.9033728753527005, 0.8874707639217376, 0.8728320939342181, 0.8605169210831324, 0.8474205051859219, 0.8360545297463735, 0.8254650436838468, 0.8153791735569637, 0.8057141819596291, 0.797274911403656, 0.7894862871368726, 0.7817007463177045, 0.7750139369567235, 0.7680286250511805, 0.7625746856133143, 0.7561541091402372, 0.7500447239478429, 0.7444090316692988, 0.7394923860828082, 0.7342797021071116, 0.7292825257778168, 0.7247650238871575, 0.7206354345877966, 0.7160581770042579, 0.7114143352707227, 0.7073466898004214, 0.7031268919507663, 0.6991453434526921, 0.6947325452168782], "valid_loss": [2.251956217288971, 2.191213781833649, 2.1036619782447814, 1.9820021021366119, 1.8343274545669557, 1.6820470523834228, 1.5476757574081421, 1.4384550642967224, 1.3521686482429505, 1.2822846353054047, 1.2257678067684175, 1.178512214422226, 1.13773717045784, 1.1014517772197723, 1.0690851026773454, 1.0420604878664017, 1.015236098766327, 0.9927763974666596, 0.9714222234487534, 0.9523661148548126, 0.9337063640356064, 0.916191412806511, 0.9003402298688888, 0.8860532397031784, 0.8740940183401108, 0.8609149849414826, 0.8496578198671341, 0.839258937239647, 0.8290695089101792, 0.8198759365081787, 0.8116071599721909, 0.8039543682336807, 0.7963921678066254, 0.7899703449010849, 0.7828729605674744, 0.7774035233259201, 0.7713332432508468, 0.7651644766330719, 0.759588583111763, 0.7551157355308533, 0.7496659791469574, 0.7451085382699967, 0.74062579870224, 0.7363823437690735, 0.7322789537906647, 0.7277217435836792, 0.7237988382577896, 0.7198139190673828, 0.7159751135110856, 0.7116399079561233], "train_acc_inc": [0.14841666666666667, 0.22988333333333333, 0.2727, 0.30085, 0.32703333333333334, 0.35145, 0.3767666666666667, 0.40113333333333334, 0.42123333333333335, 0.43995, 0.45576666666666665, 0.47355, 0.4891333333333333, 0.5019666666666667, 0.5175, 0.5265833333333333, 0.538, 0.5493166666666667, 0.5562666666666667, 0.5649666666666666, 0.5754666666666667, 0.58405, 0.5893, 0.5984666666666667, 0.6041, 0.6109166666666667, 0.6137, 0.6174333333333333, 0.62555, 0.6303333333333333, 0.63555, 0.6412, 0.6390666666666667, 0.6460166666666667, 0.6488833333333334, 0.6543333333333333, 0.65525, 0.65625, 0.6662166666666667, 0.6648, 0.6683333333333333, 0.66915, 0.6716166666666666, 0.6728833333333334, 0.6768333333333333, 0.6819666666666667, 0.68315, 0.6857333333333333, 0.6884833333333333, 0.6894666666666667], "train_acc": [0.3574, 0.4957666666666667, 0.52555, 0.4967666666666667, 0.49128333333333335, 0.5262, 0.5743, 0.5980666666666666, 0.6069, 0.61835, 0.6197333333333334, 0.62525, 0.6241, 0.63035, 0.6362333333333333, 0.6353166666666666, 0.648, 0.6544666666666666, 0.6581166666666667, 0.65795, 0.6642333333333333, 0.6665833333333333, 0.6748333333333333, 0.6760166666666667, 0.6781, 0.68435, 0.6848333333333333, 0.6885833333333333, 0.6940833333333334, 0.6935833333333333, 0.6964666666666667, 0.6936666666666667, 0.698, 0.698, 0.7029833333333333, 0.7056, 0.7073666666666667, 0.7128833333333333, 0.7121666666666666, 0.7143833333333334, 0.71455, 0.7181333333333333, 0.7253333333333334, 0.7263333333333334, 0.7262, 0.7283833333333334, 0.7322166666666666, 0.7347666666666667, 0.7340333333333333, 0.7398666666666667], "valid_acc": [0.3573, 0.4968, 0.5196, 0.4943, 0.4881, 0.5202, 0.5661, 0.5897, 0.5973, 0.6083, 0.6096, 0.614, 0.6161, 0.6209, 0.6261, 0.6261, 0.6376, 0.6439, 0.6453, 0.6447, 0.6519, 0.6526, 0.6621, 0.6641, 0.6665, 0.6733, 0.6729, 0.6777, 0.6835, 0.6812, 0.6844, 0.6826, 0.6876, 0.6868, 0.6924, 0.6951, 0.6975, 0.7034, 0.704, 0.7053, 0.7055, 0.7098, 0.7168, 0.7174, 0.7162, 0.7185, 0.7221, 0.7269, 0.7253, 0.7311]}