{"params": {"learning_rate": 0.001, "dropout": 0.5, "n1": 256, "n2": 128, "epochs": 50, "batches_size": 100}, "train_loss_inc": [2.288790159225464, 2.2469757548967997, 2.1905538558959963, 2.1051246402661006, 1.9826624635855357, 1.828473539352417, 1.6739079115788142, 1.547716771364212, 1.448905210494995, 1.3699684371550878, 1.306376155614853, 1.2515800217787425, 1.203613844315211, 1.1672078529000283, 1.1291289946436882, 1.101492420732975, 1.0726424716909726, 1.049070384701093, 1.0221255465348562, 1.005017715394497, 0.9868074048558871, 0.9703481032450993, 0.9554761845866839, 0.9394954778750737, 0.9258855900168419, 0.9142298153042794, 0.9010986293355624, 0.891006005803744, 0.8805253467957179, 0.8715361470977465, 0.8631065168976784, 0.8499139645695686, 0.8425260469317436, 0.839466953376929, 0.8307668695847193, 0.822523829638958, 0.8187172290682793, 0.806973144908746, 0.8061103996634483, 0.796416140794754, 0.788589580655098, 0.784723554054896, 0.7804362350702285, 0.7752645998199781, 0.7667201135555903, 0.7613932172457377, 0.757362413307031, 0.7540868410964807, 0.7503278643886249, 0.7450053562223912], "train_loss": [2.2634072919686634, 2.210934210618337, 2.132491536537806, 2.0138230379422506, 1.8490402936935424, 1.662006565531095, 1.4964738949139913, 1.3676359895865122, 1.2689719613393147, 1.191511507431666, 1.1290571293234826, 1.0778887382149696, 1.0343997563918432, 0.9984803085525831, 0.9674539428949356, 0.940317056576411, 0.9163883317510287, 0.8953016013900439, 0.8756208589673042, 0.8586746695637703, 0.8431081402301789, 0.8289692981044451, 0.8160976118842761, 0.8043609597285588, 0.7932622222105662, 0.7830806373556455, 0.7733055599530538, 0.7643796335657438, 0.7565589220325152, 0.7486298241217931, 0.7410775304834047, 0.7338481393456459, 0.7273230262597402, 0.721231885155042, 0.7152368272344272, 0.7091268947720528, 0.7035778572161993, 0.6977492168545723, 0.6926070491969586, 0.6875551838676135, 0.6819766454895337, 0.6766021482646465, 0.6720218159258365, 0.6677103890975317, 0.662507469256719, 0.6578507259488106, 0.6534058148165544, 0.6490329257647196, 0.6446949663261573, 0.6402250622212887], "valid_loss": [2.2637043833732604, 2.2113432621955873, 2.1330004024505613, 2.0146539223194124, 1.850534701347351, 1.6642988550662994, 1.499689792394638, 1.3719147396087648, 1.2740734910964966, 1.1979335260391235, 1.1361329293251037, 1.0859678924083709, 1.0432493537664413, 1.0078715682029724, 0.9776183760166168, 0.9509323447942734, 0.9277134299278259, 0.9069305342435837, 0.8874252545833587, 0.8709188258647919, 0.8556721764802933, 0.8420181560516358, 0.8292189621925354, 0.8178877854347228, 0.8070597225427627, 0.7970260727405548, 0.7877144980430603, 0.7789634412527084, 0.7715841287374496, 0.7635578507184982, 0.7563253718614579, 0.7493183141946793, 0.7429605025053024, 0.7370904833078384, 0.7311371594667435, 0.7254603743553162, 0.7199776422977447, 0.714406207203865, 0.7094117957353592, 0.7046151089668274, 0.6990834456682206, 0.6941361564397812, 0.6894165402650834, 0.685279157757759, 0.6803792896866798, 0.6758722418546677, 0.6715812116861344, 0.6676009610295296, 0.6632922250032425, 0.6588887372612953], "train_acc_inc": [0.13158333333333333, 0.20681666666666668, 0.26885, 0.32613333333333333, 0.37565, 0.41018333333333334, 0.43088333333333334, 0.45205, 0.47683333333333333, 0.49498333333333333, 0.5134666666666666, 0.5321666666666667, 0.5462, 0.5578, 0.5720333333333333, 0.5825333333333333, 0.5934666666666667, 0.6017833333333333, 0.6114833333333334, 0.61985, 0.63125, 0.63355, 0.6377833333333334, 0.6443666666666666, 0.6517, 0.6569833333333334, 0.6604, 0.6653166666666667, 0.6711333333333334, 0.675, 0.67785, 0.6844333333333333, 0.6880666666666667, 0.6893666666666667, 0.6913666666666667, 0.6958166666666666, 0.6993333333333334, 0.7019833333333333, 0.7035333333333333, 0.7092666666666667, 0.7113333333333334, 0.7139, 0.71635, 0.7195666666666667, 0.7214333333333334, 0.7237, 0.7251166666666666, 0.7288333333333333, 0.7303333333333333, 0.7310166666666666], "train_acc": [0.25251666666666667, 0.40681666666666666, 0.49861666666666665, 0.5466833333333333, 0.5604666666666667, 0.5595166666666667, 0.5706333333333333, 0.6006, 0.6085666666666667, 0.6210166666666667, 0.6238, 0.6334166666666666, 0.6444, 0.6507166666666667, 0.65845, 0.6631166666666667, 0.6716, 0.6733666666666667, 0.67845, 0.6833166666666667, 0.6856833333333333, 0.6881666666666667, 0.6913666666666667, 0.6934166666666667, 0.6959, 0.7018666666666666, 0.7038833333333333, 0.7086, 0.7105666666666667, 0.7155166666666667, 0.7196833333333333, 0.7208333333333333, 0.7248333333333333, 0.7293333333333333, 0.73235, 0.7341666666666666, 0.7373, 0.7398833333333333, 0.7432833333333333, 0.7439666666666667, 0.7477833333333334, 0.7530833333333333, 0.7528166666666667, 0.7537666666666667, 0.7582666666666666, 0.7601666666666667, 0.7609333333333334, 0.76475, 0.7652, 0.7692333333333333], "valid_acc": [0.2478, 0.3992, 0.4898, 0.5386, 0.553, 0.5539, 0.5655, 0.5933, 0.6024, 0.6104, 0.6133, 0.621, 0.6309, 0.638, 0.6448, 0.6482, 0.6568, 0.6573, 0.6635, 0.6708, 0.6721, 0.6741, 0.6784, 0.6815, 0.6845, 0.6902, 0.6918, 0.6954, 0.6983, 0.7033, 0.7078, 0.7084, 0.7117, 0.7166, 0.7218, 0.7215, 0.7248, 0.7279, 0.7302, 0.7306, 0.7355, 0.7417, 0.7408, 0.7405, 0.7463, 0.7479, 0.7489, 0.7532, 0.7533, 0.7585]}