{"params": {"learning_rate": 0.001, "dropout": 0.2, "n1": 128, "n2": 64, "epochs": 30, "batches_size": 100}, "train_loss_inc": [2.2791930027802785, 2.218794732093811, 2.1353466486930848, 2.011477309465408, 1.8516197139024735, 1.68334927380085, 1.5397295649846394, 1.4203944379091262, 1.3294190005461375, 1.2569827451308568, 1.1934254467487335, 1.1420523605744044, 1.1022194612026215, 1.0629848099748294, 1.0279103043675422, 1.0005301383137704, 0.9754916108647982, 0.9500465897719065, 0.9284805426001549, 0.9089522359768549, 0.8966552074750265, 0.8812239043911299, 0.8649289757013321, 0.8516304588317871, 0.8439983240763347, 0.8315608510375023, 0.8212155265609423, 0.8107611426711082, 0.7994677538673083, 0.7924304541945457], "train_loss": [2.2474474704265592, 2.173617202838262, 2.065852467616399, 1.910368980964025, 1.7257825674613316, 1.5525446609656015, 1.408168517947197, 1.2922521420319875, 1.202004174987475, 1.1290661602218945, 1.0693556927641232, 1.020438866317272, 0.9800597975651423, 0.9443430183331172, 0.9141628614068031, 0.8876654215653738, 0.864747843046983, 0.8446436656514803, 0.8262262258927028, 0.8098826668659846, 0.7955034257968266, 0.7823983709017436, 0.770381828546524, 0.7595962591965993, 0.7497274958093961, 0.7401983265082042, 0.7314349963267645, 0.7228242709239324, 0.7146678254008293, 0.7071518002947171], "valid_loss": [2.2479750108718872, 2.1744778466224672, 2.067237069606781, 1.9125320613384247, 1.7289125299453736, 1.5566104292869567, 1.413235032558441, 1.2984803521633148, 1.2093292248249055, 1.1370514154434204, 1.0780151814222336, 1.0300337743759156, 0.9903252792358398, 0.9552695232629776, 0.9259623706340789, 0.8999524247646332, 0.8773751842975617, 0.8580206906795502, 0.8401082962751388, 0.824227836728096, 0.8102120542526245, 0.7971299380064011, 0.7853957271575928, 0.7748127806186677, 0.7651844465732575, 0.7561427086591721, 0.7474133175611496, 0.7388371127843857, 0.7311306738853455, 0.7235407835245132], "train_acc_inc": [0.20305, 0.29888333333333333, 0.3379, 0.3816833333333333, 0.4237166666666667, 0.4645666666666667, 0.48651666666666665, 0.5084333333333333, 0.5241333333333333, 0.5430333333333334, 0.5613833333333333, 0.5797, 0.5897666666666667, 0.6049666666666667, 0.6174333333333333, 0.6274833333333333, 0.63745, 0.6472666666666667, 0.6541333333333333, 0.6608666666666667, 0.6668, 0.6724333333333333, 0.6804333333333333, 0.6847666666666666, 0.6881333333333334, 0.69345, 0.6989833333333333, 0.7019833333333333, 0.7066166666666667, 0.7133], "train_acc": [0.3238, 0.3997, 0.42311666666666664, 0.5075833333333334, 0.5960166666666666, 0.6153333333333333, 0.6209166666666667, 0.6294833333333333, 0.6309166666666667, 0.6491, 0.6576166666666666, 0.6602, 0.6697666666666666, 0.6814333333333333, 0.6882, 0.6918833333333333, 0.6958333333333333, 0.7015833333333333, 0.7041333333333334, 0.7069166666666666, 0.7107666666666667, 0.7159666666666666, 0.719, 0.7255833333333334, 0.7292833333333333, 0.7334333333333334, 0.73625, 0.74025, 0.7433833333333333, 0.7463], "valid_acc": [0.3228, 0.3911, 0.4133, 0.4976, 0.5819, 0.6046, 0.6113, 0.6178, 0.622, 0.6348, 0.6431, 0.6459, 0.6557, 0.6697, 0.6754, 0.6799, 0.6835, 0.6906, 0.6937, 0.6973, 0.7011, 0.7075, 0.7094, 0.7156, 0.7194, 0.7239, 0.7272, 0.7329, 0.7355, 0.7381]}