{"params": {"learning_rate": 0.01, "dropout": 0.2, "n1": 128, "n2": 64, "epochs": 60, "batches_size": 100}, "train_loss_inc": [0.6232609471182028, 0.5147333153833945, 0.4966508913536867, 0.48187058135867117, 0.47619642143448193, 0.4601441948612531, 0.45834028037885827, 0.46176194190979003, 0.4594001938899358, 0.43904146283864975, 0.4517264390488466, 0.4467590342710416, 0.44448603309690954, 0.43862017611662546, 0.4371510210633278, 0.42761205971240995, 0.4342361986885468, 0.4409199048827092, 0.4412447319428126, 0.4307147932300965, 0.43802185816069444, 0.42387592000265917, 0.4171221699565649, 0.4349243410428365, 0.42876458570361137, 0.42764392944673696, 0.4253213772674402, 0.41136375387509666, 0.4212932495276133, 0.42112640221913655, 0.4137410586078962, 0.4049804843465487, 0.4197202327350775, 0.42736699029803277, 0.41108924967547256, 0.41833534501492975, 0.40838504704336326, 0.40975246993203956, 0.409647128606836, 0.40982170062760515, 0.41169329941272736, 0.40674696035683156, 0.39935857474803926, 0.41105510940154394, 0.3980675385892391, 0.39960944818953675, 0.40983741261065004, 0.40169768296182157, 0.400522585734725, 0.38870256394147873, 0.4090988596280416, 0.4032277094821135, 0.4024045083175103, 0.4003201068689426, 0.39014878995716573, 0.3934189357360204, 0.39415163718163965, 0.39308239094913006, 0.39409901296099026, 0.39447373017668724], "train_loss": [0.43288049469391504, 0.4063648208975792, 0.3914802722632885, 0.3795950561016798, 0.38184347341458, 0.3803698929647605, 0.36383846146365006, 0.3890904945631822, 0.37296885800858337, 0.3575863367319107, 0.36801189565410214, 0.35600637974838417, 0.3370737866560618, 0.3418496729930242, 0.3337249583750963, 0.33034507408738134, 0.3518817768742641, 0.3475539117058118, 0.3454331642389297, 0.33207467359801135, 0.3430524331579606, 0.3418064795434475, 0.3289706253881256, 0.356671553204457, 0.3190732689698537, 0.3426779240121444, 0.31388285112877684, 0.34679128350069127, 0.3163422329475482, 0.33818105831742284, 0.3241148496667544, 0.31022185277193787, 0.33188391670584677, 0.3470326650639375, 0.3150825633108616, 0.32004833141962685, 0.31314993182818096, 0.30421101952592533, 0.3201507837325335, 0.3117859734222293, 0.31583992739518485, 0.3041836440190673, 0.332223409290115, 0.3666340084001422, 0.30690709464252, 0.3217570206026236, 0.30235406624774136, 0.3054741341123978, 0.2929857619603475, 0.3204523236552874, 0.29312617957592013, 0.3183779246856769, 0.3123041881620884, 0.30761269606649877, 0.28509582723180454, 0.29611091619978347, 0.30653405040502546, 0.3085534807294607, 0.2996965160841743, 0.28976196685185035], "valid_loss": [0.46679034888744353, 0.4528169697523117, 0.4409772217273712, 0.43642997115850446, 0.4458361840248108, 0.4362562952935696, 0.4247585092484951, 0.45531432315707204, 0.4433948609232903, 0.4161032071709633, 0.4405305828154087, 0.43133416041731837, 0.41341924041509626, 0.41969900220632556, 0.409338908046484, 0.4052250675857067, 0.4401315525174141, 0.41919579073786734, 0.4308518022298813, 0.4283409063518047, 0.44225485414266585, 0.4499424736201763, 0.4256980223953724, 0.44727349370718, 0.41059093564748766, 0.4386506673693657, 0.4184816281497479, 0.44913871243596076, 0.4173716279864311, 0.4382853834331036, 0.42135213777422903, 0.4309451635181904, 0.45007740810513497, 0.46130782678723337, 0.4136887925863266, 0.4397303754091263, 0.43005483388900756, 0.4253850395977497, 0.43022479698061944, 0.44488133147358894, 0.43196719452738763, 0.4236151103675365, 0.43054513275623324, 0.5053096807003021, 0.428666148930788, 0.4709334282577038, 0.44179886966943743, 0.4282382349669933, 0.42501687750220296, 0.4647999230027199, 0.4510472090542316, 0.43844806537032127, 0.44808463752269745, 0.4442117926478386, 0.4276397994160652, 0.44556527823209763, 0.443321702927351, 0.4473219430446625, 0.4340365868806839, 0.4451060277223587], "train_acc_inc": [0.7726333333333333, 0.8172833333333334, 0.8248333333333333, 0.82985, 0.8321, 0.8376833333333333, 0.83845, 0.8373666666666667, 0.8392833333333334, 0.8461166666666666, 0.8409, 0.84345, 0.8433666666666667, 0.8473833333333334, 0.8467166666666667, 0.8480666666666666, 0.8489833333333333, 0.8445, 0.8450166666666666, 0.8471833333333333, 0.8457666666666667, 0.8507, 0.8519666666666666, 0.8474166666666667, 0.8492, 0.8493, 0.8505166666666667, 0.8545666666666667, 0.8504666666666667, 0.8535666666666667, 0.8543833333333334, 0.8548, 0.8509333333333333, 0.8484333333333334, 0.85695, 0.8502, 0.8577166666666667, 0.85395, 0.8548666666666667, 0.8547666666666667, 0.85555, 0.8571666666666666, 0.8567833333333333, 0.8564, 0.859, 0.8566333333333334, 0.85535, 0.8564333333333334, 0.8589333333333333, 0.8609, 0.8546333333333334, 0.8573, 0.8578, 0.8598666666666667, 0.86195, 0.8608166666666667, 0.8625, 0.86135, 0.8589833333333333, 0.8603333333333333], "train_acc": [0.8430833333333333, 0.8532333333333333, 0.857, 0.8636333333333334, 0.86215, 0.8591, 0.8682, 0.8557666666666667, 0.86385, 0.8689166666666667, 0.8606833333333334, 0.8674666666666667, 0.8757833333333334, 0.8744666666666666, 0.8749333333333333, 0.87645, 0.8711166666666667, 0.8701333333333333, 0.8698166666666667, 0.8783, 0.8735, 0.8744333333333333, 0.8787, 0.8665166666666667, 0.88445, 0.8754166666666666, 0.8854666666666666, 0.8753166666666666, 0.883, 0.8711333333333333, 0.8809, 0.8807, 0.8765333333333334, 0.8612666666666666, 0.8754166666666666, 0.8819333333333333, 0.8818, 0.88645, 0.8819833333333333, 0.8832666666666666, 0.8822166666666666, 0.8854166666666666, 0.88, 0.8685166666666667, 0.8801333333333333, 0.8831333333333333, 0.8882166666666667, 0.8845333333333333, 0.8908, 0.8855166666666666, 0.88845, 0.87745, 0.8800333333333333, 0.8872166666666667, 0.8885333333333333, 0.8871, 0.88365, 0.88105, 0.8870666666666667, 0.88715], "valid_acc": [0.8361, 0.8405, 0.8414, 0.8474, 0.8454, 0.8456, 0.8514, 0.8386, 0.8426, 0.8487, 0.8431, 0.8477, 0.8532, 0.8537, 0.8555, 0.8582, 0.8528, 0.8507, 0.8496, 0.8572, 0.8488, 0.8534, 0.8556, 0.8452, 0.8608, 0.8495, 0.8608, 0.847, 0.8609, 0.8501, 0.8553, 0.8541, 0.8479, 0.8405, 0.8529, 0.8559, 0.8583, 0.8621, 0.8553, 0.8578, 0.8542, 0.8601, 0.8594, 0.8461, 0.8551, 0.8597, 0.8623, 0.8588, 0.8666, 0.8584, 0.8635, 0.8532, 0.8522, 0.8562, 0.8594, 0.8607, 0.8567, 0.8552, 0.8564, 0.8575]}