{"train_loss_inc": [2.288497093518575, 2.2492242503166198, 2.1865652946631116, 2.0855002478758493, 1.9404822502533594, 1.767337332566579, 1.6072480497757593, 1.4806791387001674, 1.3794593079884847, 1.3015693934758503, 1.2373879253864288, 1.183333463271459, 1.1382974005738895, 1.0995557244618734, 1.0663687639435133, 1.0338575212160745, 1.0073866943518321, 0.9856471798817317, 0.9618867258230845, 0.9421076480547587, 0.9238666773835817, 0.9076452352603277, 0.8912553819020589, 0.8775346401333809, 0.8661291517814, 0.8538957445820172, 0.8430107567707698, 0.8303000018994013, 0.8204958481589953, 0.8115011287728945, 0.8042321208119393, 0.7970526783665022, 0.7888240279754003, 0.7807669638593991, 0.7709680318832397, 0.7630921029051145, 0.7594343064228694, 0.7542048610250155, 0.7465547601381938, 0.7372224163015684], "train_loss": [2.2689053273200988, 2.21819349805514, 2.1348082800706227, 2.003289719820023, 1.8255435985326767, 1.636696600317955, 1.4766742312908172, 1.351766469081243, 1.2532823505004247, 1.1758729960521062, 1.114008131325245, 1.0633065599203109, 1.0209879770874977, 0.9846569177508354, 0.9539748870333036, 0.926319806377093, 0.9026142498850822, 0.8811039687196414, 0.8612371166547139, 0.8439629454414049, 0.8272659640510877, 0.8127788735429445, 0.7998585304617882, 0.7873174792528153, 0.7759570792317391, 0.7655461325248083, 0.7553050308426221, 0.74570263783137, 0.7370299878716469, 0.7287621379892031, 0.7210955323278904, 0.7143112653493882, 0.7067523191372553, 0.6997489098707835, 0.6934711198012035, 0.6868585793177286, 0.6808343004683653, 0.67493392765522, 0.6695227482914925, 0.663999277750651], "valid_loss": [2.2689379549026487, 2.218536515235901, 2.135607130527496, 2.004761345386505, 1.8279924750328065, 1.6403134393692016, 1.481463474035263, 1.357569810152054, 1.2603449833393097, 1.183717770576477, 1.1230556720495224, 1.073113232254982, 1.0312624794244767, 0.9957035899162292, 0.9658426386117935, 0.9385622209310531, 0.9153694707155228, 0.8942417603731155, 0.8750001090764999, 0.8583009600639343, 0.8417578309774398, 0.8276395511627197, 0.8148254960775375, 0.8025266444683075, 0.7915935164690018, 0.7817402744293213, 0.7711159598827362, 0.7618388003110885, 0.753469113111496, 0.7450526732206345, 0.737827770113945, 0.7311121869087219, 0.7236545860767365, 0.7170529606938362, 0.7109329396486282, 0.7043284326791763, 0.6985807347297669, 0.6927748459577561, 0.6874085015058518, 0.6821715548634529], "train_acc_inc": [0.11986666666666666, 0.24946666666666667, 0.35026666666666667, 0.3979666666666667, 0.42401666666666665, 0.44233333333333336, 0.4671666666666667, 0.48868333333333336, 0.5145666666666666, 0.5282, 0.54795, 0.5630833333333334, 0.5755666666666667, 0.58925, 0.60005, 0.6108833333333333, 0.6202333333333333, 0.6283166666666666, 0.6391, 0.6455666666666666, 0.6517333333333334, 0.6587166666666666, 0.66335, 0.67135, 0.6766833333333333, 0.6798166666666666, 0.68655, 0.69095, 0.6954833333333333, 0.6975, 0.6997666666666666, 0.7067166666666667, 0.70925, 0.7147166666666667, 0.7178666666666667, 0.7218833333333333, 0.7221333333333333, 0.7262166666666666, 0.7282666666666666, 0.73185], "train_acc": [0.21746666666666667, 0.4170333333333333, 0.4677, 0.48991666666666667, 0.5191166666666667, 0.5418333333333333, 0.5755, 0.60545, 0.6220333333333333, 0.63045, 0.6359833333333333, 0.64615, 0.6548833333333334, 0.6559166666666667, 0.6673, 0.6732, 0.6767, 0.68355, 0.68885, 0.6928166666666666, 0.6973, 0.7024333333333334, 0.70555, 0.7108666666666666, 0.7133333333333334, 0.7180833333333333, 0.7209166666666667, 0.7243833333333334, 0.7269166666666667, 0.7323333333333333, 0.73505, 0.7354833333333334, 0.7415166666666667, 0.74675, 0.74735, 0.7476333333333334, 0.7525833333333334, 0.7551833333333333, 0.7556666666666667, 0.7591833333333333], "valid_acc": [0.2146, 0.4094, 0.4652, 0.4853, 0.5102, 0.5356, 0.5674, 0.5966, 0.6109, 0.6214, 0.6273, 0.6366, 0.6434, 0.6463, 0.656, 0.66, 0.6642, 0.6711, 0.6761, 0.6805, 0.6844, 0.6896, 0.6934, 0.7004, 0.7034, 0.7087, 0.7095, 0.7135, 0.7157, 0.7221, 0.7249, 0.726, 0.7324, 0.7365, 0.7385, 0.7394, 0.7446, 0.7471, 0.7489, 0.7516]}