{"params": {"learning_rate": 0.001, "dropout": 0.2, "n1": 128, "n2": 64, "epochs": 60, "batches_size": 100}, "train_loss_inc": [2.2911605548858645, 2.2461306579907734, 2.181086899836858, 2.074943583806356, 1.9188484720389047, 1.736963360508283, 1.5731266391277314, 1.4317544835805893, 1.3267249914010366, 1.244950339992841, 1.1751027238368987, 1.12015973786513, 1.0716649253169697, 1.0349976592262586, 1.0022426852583886, 0.9754691055417061, 0.9503368055820465, 0.9284598784645398, 0.9097611872355144, 0.8935737629731496, 0.8759930621584257, 0.8645204150676727, 0.8532801139354705, 0.8429519053300222, 0.8305686307946841, 0.8187462003032366, 0.8099308083454768, 0.7998282426595688, 0.7919288451472918, 0.7838630756735802, 0.7737658037741979, 0.7683836612105369, 0.7627160389224689, 0.753801872630914, 0.7469464032848676, 0.7411864549914996, 0.7334274037679036, 0.7259871352712314, 0.7209364697833855, 0.7138971374432246, 0.710224319299062, 0.703796243617932, 0.6988425588111082, 0.6958226583401362, 0.6907517354687055, 0.6849977514147758, 0.6792227031290531, 0.6778626192112763, 0.6686547194917997, 0.6648490775128205, 0.6614221935470899, 0.657741814951102, 0.6528636092940966, 0.6521092692017555, 0.6441175249715646, 0.6432709147036075, 0.6389716196556886, 0.6335169936219851, 0.6293517571687698, 0.6277379217247169], "train_loss": [2.2673383235931395, 2.212646100521088, 2.126185594797134, 1.986186210513115, 1.7955142929156622, 1.6020616497596105, 1.435922885934512, 1.3020804687341054, 1.1986162370443345, 1.1176421323418617, 1.0523270361622175, 0.9994532218575478, 0.9560276314616203, 0.9205694717168807, 0.8907612558205923, 0.865956992606322, 0.8438488874832789, 0.8251490749915441, 0.8085434697071712, 0.7939720318714778, 0.7806062149008115, 0.7685408333937327, 0.7581760254502297, 0.748066909412543, 0.7384293470780054, 0.7296253953377406, 0.7209802677234014, 0.7127993035316468, 0.7052155069510142, 0.6981252228717009, 0.6905313743154208, 0.6838973994056384, 0.6771467002232869, 0.6714218020935854, 0.6651388388872147, 0.6592307601372401, 0.6534651366372903, 0.647835486382246, 0.6422661676506202, 0.6369101558128992, 0.6315051499505838, 0.6271165270606677, 0.621686310172081, 0.6173063113292059, 0.6129819871485234, 0.608464137862126, 0.6041543862720331, 0.6003842025498549, 0.596404043585062, 0.5919987152516842, 0.588163299014171, 0.5843495335678259, 0.5810340729852518, 0.5776051935056845, 0.5736874562501907, 0.5709094674388567, 0.5676649997135004, 0.56455525269111, 0.5610577729841073, 0.5584626905123393], "valid_loss": [2.2676609992980956, 2.2131441926956175, 2.12707781791687, 1.9876745963096618, 1.7978996169567107, 1.6055287623405456, 1.4406021356582641, 1.3078911900520325, 1.205582947731018, 1.125526056289673, 1.0612674897909165, 1.0091866171360016, 0.966814826130867, 0.93177106320858, 0.9025731551647186, 0.8790207082033157, 0.8571713387966156, 0.8385954540967941, 0.8225756287574768, 0.8084913074970246, 0.795481157898903, 0.7838332921266555, 0.7735102421045303, 0.7635251003503799, 0.7541132688522338, 0.7454498744010926, 0.7372097486257553, 0.7292252135276794, 0.7217019605636597, 0.7149844247102738, 0.7074747169017792, 0.7013051337003708, 0.6945152676105499, 0.6889976024627685, 0.6826945978403092, 0.6770459669828415, 0.6713738664984703, 0.665867820084095, 0.6604120272397995, 0.6553002440929413, 0.6500439649820328, 0.645605580508709, 0.6404392006993294, 0.636174296438694, 0.632086051106453, 0.6275505119562149, 0.6235124832391739, 0.6197308540344239, 0.6161684226989746, 0.6117389404773712, 0.608038238286972, 0.6045889127254486, 0.6012631800770759, 0.598066140115261, 0.5940553617477417, 0.5917610827088357, 0.5882895061373711, 0.5855051535367966, 0.5822017556428909, 0.5796416282653809], "train_acc_inc": [0.12338333333333333, 0.21645, 0.32706666666666667, 0.3818666666666667, 0.40758333333333335, 0.43856666666666666, 0.48035, 0.5222833333333333, 0.5445833333333333, 0.56025, 0.5791833333333334, 0.5908333333333333, 0.60315, 0.6136666666666667, 0.6258166666666667, 0.6310833333333333, 0.6403333333333333, 0.6492, 0.655, 0.6627833333333333, 0.6688333333333333, 0.6739333333333334, 0.6789166666666666, 0.68205, 0.6900166666666666, 0.69505, 0.6997, 0.7068833333333333, 0.70885, 0.7122833333333334, 0.7164666666666667, 0.7201333333333333, 0.7223833333333334, 0.7286166666666667, 0.7278666666666667, 0.7308333333333333, 0.7372166666666666, 0.7403666666666666, 0.7406166666666667, 0.7446666666666667, 0.7474833333333334, 0.7494166666666666, 0.7488666666666667, 0.75315, 0.7553, 0.7581, 0.7598, 0.76105, 0.76185, 0.7647333333333334, 0.7663666666666666, 0.7670833333333333, 0.7694166666666666, 0.7696, 0.7725, 0.7734, 0.7750333333333334, 0.77715, 0.7785333333333333, 0.7781166666666667], "train_acc": [0.15818333333333334, 0.34231666666666666, 0.44088333333333335, 0.4806166666666667, 0.5111833333333333, 0.5595666666666667, 0.6187333333333334, 0.6376333333333334, 0.6429333333333334, 0.6475166666666666, 0.6538333333333334, 0.6615333333333333, 0.6636166666666666, 0.67395, 0.6786, 0.68145, 0.6892333333333334, 0.6912666666666667, 0.6995666666666667, 0.7017333333333333, 0.7089666666666666, 0.7147333333333333, 0.7185166666666667, 0.7236, 0.7274333333333334, 0.73195, 0.7356166666666667, 0.7401, 0.74355, 0.7473166666666666, 0.75005, 0.7538166666666667, 0.7568333333333334, 0.7591666666666667, 0.7616333333333334, 0.76435, 0.7643333333333333, 0.768, 0.7710833333333333, 0.7731166666666667, 0.7749166666666667, 0.7762666666666667, 0.7791, 0.7802333333333333, 0.7822, 0.78375, 0.7855, 0.7868166666666667, 0.78835, 0.7898833333333334, 0.7913166666666667, 0.7930833333333334, 0.7944666666666667, 0.7961, 0.7971, 0.7991, 0.7981333333333334, 0.80035, 0.8017333333333333, 0.8021666666666667], "valid_acc": [0.1551, 0.3356, 0.4344, 0.4755, 0.5087, 0.5545, 0.6138, 0.6287, 0.6323, 0.6366, 0.6408, 0.6471, 0.6516, 0.6614, 0.6668, 0.6705, 0.6785, 0.6825, 0.6897, 0.6932, 0.7015, 0.7066, 0.7117, 0.7141, 0.7193, 0.7223, 0.727, 0.7316, 0.7354, 0.7383, 0.7424, 0.7448, 0.7486, 0.7508, 0.7529, 0.7562, 0.7588, 0.7606, 0.7635, 0.7647, 0.7671, 0.7682, 0.7717, 0.7727, 0.7738, 0.7759, 0.7788, 0.779, 0.7805, 0.7815, 0.7827, 0.7852, 0.7881, 0.7891, 0.7894, 0.7902, 0.7902, 0.7915, 0.7919, 0.7933]}