{"params": {"learning_rate": 0.001, "dropout": 0.5, "n1": 128, "n2": 64, "epochs": 60, "batches_size": 100}, "train_loss_inc": [2.296636812289556, 2.2724101821581524, 2.2410364985466003, 2.195220685005188, 2.123749928077062, 2.025264883438746, 1.9074029153585434, 1.78816577732563, 1.681824751496315, 1.5906770374377568, 1.523172234694163, 1.4552046942710877, 1.3999160985151926, 1.349273049235344, 1.3101322426398596, 1.2714837829271952, 1.2396798817316692, 1.2102916644016901, 1.185395937561989, 1.1625845076640446, 1.1405528301994006, 1.1222168212135633, 1.1010198218623797, 1.08648011525472, 1.0695200128356617, 1.0538487658898035, 1.0387085003654162, 1.0280064695080122, 1.015331754187743, 1.000727692047755, 0.9897575497627258, 0.9791870040694872, 0.9691957169771195, 0.9597268451253573, 0.954474561115106, 0.9434708987673124, 0.937695248623689, 0.9254212799668312, 0.9179897619287173, 0.9123779446880023, 0.9051576388875643, 0.9022052160898845, 0.8929275243481001, 0.8902878080805142, 0.8845839395125707, 0.8761143161853154, 0.8730151013533274, 0.861395268936952, 0.8599342597524325, 0.8519042745232582, 0.8473021047314008, 0.8441382383306821, 0.835405366619428, 0.8318898191054662, 0.830174493988355, 0.823408452073733, 0.8208328321576118, 0.8135178478558859, 0.8142203667759895, 0.8071510486801465], "train_loss": [2.280258276462555, 2.2502942419052125, 2.2065407729148863, 2.1386132621765137, 2.037352842489878, 1.9037911609808604, 1.7542636442184447, 1.6140319776535035, 1.4951070787509282, 1.3964030996958414, 1.317707480788231, 1.2514545192321143, 1.1948548624912898, 1.1459936945637068, 1.105932766298453, 1.0697899701197942, 1.0395653381943704, 1.0133223604162533, 0.9903266196449597, 0.9695274084806442, 0.9504418417811393, 0.9336502525210381, 0.9169039366642634, 0.9016331059734026, 0.887851136525472, 0.8750095711151759, 0.8623337812225024, 0.8514763073126475, 0.8412432170907657, 0.8305397067467372, 0.8209505139787991, 0.8127947100996971, 0.8042936155200004, 0.7966673932472865, 0.7892668528358141, 0.7822829492886861, 0.7751039204001426, 0.7685714886585872, 0.7623418970902761, 0.7566847786307335, 0.7512260516484578, 0.7461703262726466, 0.7405664894978206, 0.7354294158021609, 0.7302945784727732, 0.7251695318023363, 0.7205750303467114, 0.7155530896782875, 0.7106083606680235, 0.7060688414176305, 0.7012437907854716, 0.6971098693708578, 0.6928408891956012, 0.688860219468673, 0.6846605963011583, 0.680609636704127, 0.676815731873115, 0.6723363030453523, 0.6683179310460885, 0.6650611788531144], "valid_loss": [2.2807163619995117, 2.251027982234955, 2.2075631737709047, 2.140126416683197, 2.039407147169113, 1.9064635157585144, 1.7575051510334014, 1.6176421082019805, 1.4990200567245484, 1.4007461416721343, 1.3227127659320832, 1.2570564019680024, 1.2010937178134917, 1.152768542766571, 1.1133057862520217, 1.0778625905513763, 1.0481610798835754, 1.022331983447075, 0.9995555341243744, 0.9793164193630218, 0.9603197365999222, 0.9441701298952103, 0.9276538228988648, 0.9127684795856476, 0.898921245932579, 0.8864742296934128, 0.8738589203357696, 0.8632949763536453, 0.8532739281654358, 0.8427185386419296, 0.8333810412883759, 0.8254883414506913, 0.8170111840963363, 0.8096152913570404, 0.8021190178394317, 0.7951625597476959, 0.7881598258018494, 0.781990511417389, 0.7758575314283371, 0.7704442536830902, 0.7650483471155166, 0.760203350186348, 0.7546191596984864, 0.7496812379360199, 0.7444360733032227, 0.7394060105085373, 0.7349099218845367, 0.730233320593834, 0.7254845666885376, 0.7208774274587632, 0.7162611228227616, 0.7124559807777405, 0.7084275388717651, 0.7045806831121445, 0.7003070217370987, 0.6964900022745133, 0.6927764576673507, 0.6886631518602371, 0.6845974558591843, 0.6815721452236175], "train_acc_inc": [0.12318333333333334, 0.17736666666666667, 0.23106666666666667, 0.2659, 0.2986666666666667, 0.31893333333333335, 0.3400666666666667, 0.35951666666666665, 0.3859166666666667, 0.40736666666666665, 0.42545, 0.4473666666666667, 0.4646166666666667, 0.4841666666666667, 0.49498333333333333, 0.5098833333333334, 0.5201166666666667, 0.5298333333333334, 0.5415666666666666, 0.5514333333333333, 0.5582166666666667, 0.56695, 0.5731, 0.5851, 0.5887166666666667, 0.59565, 0.6013833333333334, 0.6076166666666667, 0.61105, 0.6214, 0.6207833333333334, 0.6262666666666666, 0.6332166666666666, 0.6356666666666667, 0.6404166666666666, 0.6431333333333333, 0.6476666666666666, 0.6532833333333333, 0.6549166666666667, 0.6568333333333334, 0.6605666666666666, 0.6626333333333333, 0.6693666666666667, 0.6659666666666667, 0.6714833333333333, 0.6745666666666666, 0.67595, 0.6825166666666667, 0.6821333333333334, 0.6850833333333334, 0.6873, 0.6902333333333334, 0.6938833333333333, 0.6934166666666667, 0.6992333333333334, 0.6991, 0.70325, 0.7037833333333333, 0.7043, 0.7093833333333334], "train_acc": [0.15206666666666666, 0.31233333333333335, 0.4392666666666667, 0.4386333333333333, 0.44435, 0.43733333333333335, 0.4404166666666667, 0.4874833333333333, 0.5477, 0.5814833333333334, 0.5955, 0.60105, 0.6060833333333333, 0.6142666666666666, 0.6120333333333333, 0.6248666666666667, 0.6248, 0.6352666666666666, 0.6411333333333333, 0.6512, 0.6602333333333333, 0.648, 0.6518166666666667, 0.67, 0.6665666666666666, 0.6679, 0.6813333333333333, 0.6770666666666667, 0.6835166666666667, 0.6900833333333334, 0.6966666666666667, 0.6971, 0.69915, 0.7051666666666667, 0.7061, 0.7059, 0.7111833333333333, 0.71295, 0.7182833333333334, 0.7200333333333333, 0.7171333333333333, 0.7227333333333333, 0.7252166666666666, 0.7268833333333333, 0.7300166666666666, 0.73425, 0.7353833333333334, 0.7370333333333333, 0.7400666666666667, 0.742, 0.7447833333333334, 0.7464, 0.7480666666666667, 0.7492, 0.7519166666666667, 0.75315, 0.75475, 0.7550666666666667, 0.7578666666666667, 0.7585166666666666], "valid_acc": [0.149, 0.3095, 0.4352, 0.4364, 0.4479, 0.4442, 0.4442, 0.488, 0.5432, 0.5761, 0.5942, 0.5979, 0.5997, 0.6099, 0.6053, 0.6192, 0.616, 0.6265, 0.6326, 0.6415, 0.6523, 0.6383, 0.6409, 0.6596, 0.6575, 0.6583, 0.672, 0.6681, 0.6736, 0.6805, 0.6871, 0.6874, 0.6883, 0.6961, 0.6968, 0.6972, 0.7026, 0.7034, 0.709, 0.7101, 0.708, 0.7129, 0.7154, 0.7177, 0.7213, 0.7247, 0.727, 0.7279, 0.7309, 0.7343, 0.737, 0.7386, 0.7391, 0.7396, 0.7428, 0.7444, 0.7466, 0.7461, 0.7483, 0.7494]}