{"params": {"learning_rate": 0.001, "dropout": 0.2, "n1": 128, "n2": 64, "epochs": 30, "batches_size": 100}, "train_loss_inc": [2.280654785633087, 2.216525777578354, 2.1250487836201986, 1.98830972969532, 1.811751139362653, 1.6376755519707997, 1.4923242123921712, 1.3828913493951163, 1.2940053633848827, 1.226231373945872, 1.1691468482216198, 1.1172624880075455, 1.0772799129287403, 1.039774000942707, 1.0073269992073377, 0.9807177236676217, 0.9576235671838125, 0.9357737284898758, 0.9183585077524186, 0.9002142147223154, 0.8856202925244967, 0.8682984843850136, 0.8573716763655345, 0.8471299941341083, 0.8355609945456187, 0.8218709058562914, 0.8160653329888979, 0.8074057900905609, 0.7977275975545247, 0.7927398389577865], "train_loss": [2.248176361322403, 2.1691781381766, 2.048915373881658, 1.8776552279790242, 1.6782048602898916, 1.5016795559724172, 1.364639120300611, 1.2598437984784445, 1.1766324841976166, 1.1095277733604114, 1.0537798405687013, 1.006330483853817, 0.9668144457538923, 0.9332556447386742, 0.9042366932829221, 0.8795120322704315, 0.8581732267141342, 0.8391807913780213, 0.8227938179175059, 0.8080769268671671, 0.7946726008256276, 0.7824705630540848, 0.7714106054107348, 0.7615307237704595, 0.7520865281422933, 0.7432590753833452, 0.7351518931984902, 0.7279249079028766, 0.720408387184143, 0.7135907648007075], "valid_loss": [2.248531584739685, 2.169961495399475, 2.0502232670783997, 1.879814990758896, 1.6814310503005983, 1.5061058831214904, 1.3700858926773072, 1.2663732767105103, 1.1842226600646972, 1.1180362141132354, 1.0634229344129562, 1.016713683605194, 0.9778390604257584, 0.9446697080135346, 0.9162795394659042, 0.8922373127937316, 0.8712253212928772, 0.8528678905963898, 0.8367731803655625, 0.8222192442417144, 0.8092433977127075, 0.7975197315216065, 0.7867217695713044, 0.7770325118303298, 0.7676174873113633, 0.7593900030851364, 0.7516114568710327, 0.7451014173030853, 0.7372491717338562, 0.730673446059227], "train_acc_inc": [0.17288333333333333, 0.23933333333333334, 0.30406666666666665, 0.3774166666666667, 0.41788333333333333, 0.44885, 0.49088333333333334, 0.5246333333333333, 0.55025, 0.5665333333333333, 0.57935, 0.5963333333333334, 0.60695, 0.6148333333333333, 0.6228833333333333, 0.6306833333333334, 0.6396, 0.6466333333333333, 0.6536833333333333, 0.65865, 0.66525, 0.6712, 0.6772, 0.6813333333333333, 0.68865, 0.6921666666666667, 0.6946833333333333, 0.69875, 0.7056333333333333, 0.7073333333333334], "train_acc": [0.2518166666666667, 0.3119166666666667, 0.40136666666666665, 0.47705, 0.5071666666666667, 0.5532, 0.6056666666666667, 0.6144833333333334, 0.6358666666666667, 0.6454833333333333, 0.6540166666666667, 0.6602166666666667, 0.6662833333333333, 0.67195, 0.6762833333333333, 0.6815666666666667, 0.6856833333333333, 0.68975, 0.6934666666666667, 0.6946833333333333, 0.7006833333333333, 0.7069833333333333, 0.70885, 0.7148666666666667, 0.7183333333333334, 0.7199166666666666, 0.7246833333333333, 0.72675, 0.73235, 0.73665], "valid_acc": [0.2507, 0.3128, 0.3976, 0.471, 0.5015, 0.5481, 0.5998, 0.6081, 0.6284, 0.6375, 0.6424, 0.6484, 0.6536, 0.6596, 0.6633, 0.6706, 0.674, 0.6771, 0.6834, 0.6833, 0.6924, 0.6983, 0.6994, 0.7047, 0.7094, 0.7101, 0.7143, 0.7132, 0.7202, 0.727]}