{"params": {"learning_rate": 0.1, "dropout": 0.2, "n1": 128, "n2": 64, "epochs": 60, "batches_size": 100}, "train_loss_inc": [0.8530322191119194, 0.5257850086688995, 0.463814578478535, 0.43207837037742136, 0.41220037303864954, 0.3937399704257647, 0.3803419005125761, 0.36835200908283394, 0.35893500231206416, 0.34968195664385954, 0.33869538746774197, 0.3327278110881646, 0.3285339765747388, 0.31946903181572756, 0.3139188493043184, 0.3096415188660224, 0.3066018119454384, 0.29941986590623854, 0.29689460883537927, 0.2938465750589967, 0.28930600414673485, 0.2856181667248408, 0.282038464906315, 0.2794619532302022, 0.2739626116802295, 0.27426003370434043, 0.2688532242054741, 0.26546572032074134, 0.26520801782608033, 0.2621009516095122, 0.2576771388202906, 0.25470619545628626, 0.2544506667057673, 0.2501550786693891, 0.24966485721369586, 0.24694997129340968, 0.24694368237008651, 0.24257693007588388, 0.24025818653404712, 0.23915143771717945, 0.23879981140295664, 0.23492816181232531, 0.2308318448315064, 0.2308863135551413, 0.2289546586573124, 0.2275438180814187, 0.22451946951448917, 0.22594140046586594, 0.22157382793724537, 0.221322294374307, 0.22263560129950444, 0.21726333313932022, 0.2174424314002196, 0.21375292292485634, 0.21539099082350732, 0.21433916681756576, 0.2112574322273334, 0.21123531818389893, 0.21014267372588316, 0.2087668368468682], "train_loss": [0.5050607543190321, 0.46273578897118567, 0.39222356903056305, 0.37220807261765004, 0.36318707404037315, 0.3393168140699466, 0.323588190327088, 0.3184152625252803, 0.3053695163999995, 0.3070503507306178, 0.3085006977617741, 0.28312304988503456, 0.29107488063474496, 0.2741140802949667, 0.2730052494506041, 0.2696215615297357, 0.2510003296037515, 0.25077882420271635, 0.24711536233623824, 0.25499050922691824, 0.2416465574502945, 0.26214342350761094, 0.23320898452152808, 0.23556837792197863, 0.22251309628287952, 0.2256616684794426, 0.2142643434057633, 0.21247244197875262, 0.21912825995435317, 0.2234982912366589, 0.21616091103603444, 0.2093099074314038, 0.21013472787414988, 0.21608031332492827, 0.2096579506744941, 0.2118775843580564, 0.1976095300167799, 0.19608896533027292, 0.193260189704597, 0.19123304558297, 0.19165923157085976, 0.19003543542077145, 0.18856337725495298, 0.18139596729228893, 0.17592265943065286, 0.17691360551863908, 0.18039811732868352, 0.18072932882855336, 0.17418701153248548, 0.17515963555624087, 0.16849403593689202, 0.17098055128008127, 0.16779594658563535, 0.16681023937960465, 0.16370297443121673, 0.17223081392546494, 0.16054673941185077, 0.16349478006362916, 0.1601879615150392, 0.16533961340164144], "valid_loss": [0.5305184996128083, 0.49548851162195207, 0.4305910851061344, 0.41354391530156137, 0.41078888446092604, 0.38719547286629674, 0.3773676355183124, 0.3738683453202248, 0.3651559457182884, 0.37004505917429925, 0.37258108556270597, 0.3484023106098175, 0.35964481487870215, 0.3476263752579689, 0.3464872868359089, 0.34440169513225555, 0.33070994406938553, 0.3317081102728844, 0.3340355634689331, 0.34146284267306326, 0.33087822258472444, 0.3555745239555836, 0.3247359235584736, 0.33381458058953284, 0.316404118090868, 0.32435241498053075, 0.31612598821520804, 0.3164070285856724, 0.32508652940392496, 0.3324519992619753, 0.3217342360317707, 0.31836868792772294, 0.3196679763495922, 0.33177322715520857, 0.32724069312214854, 0.3326812002062798, 0.3154311867803335, 0.31937608644366267, 0.31730434373021127, 0.3149170139431953, 0.3240546303987503, 0.32827358320355415, 0.31895974233746527, 0.3209214796125889, 0.3139022497832775, 0.3154805813729763, 0.3226184679567814, 0.32065191939473153, 0.3133693814277649, 0.3204707829654217, 0.3167471247911453, 0.3246855863928795, 0.32264822147786615, 0.321440831720829, 0.3199657289683819, 0.32571103528141976, 0.32548374570906163, 0.31987145051360133, 0.3201074230670929, 0.3298891475051641], "train_acc_inc": [0.6874, 0.8136166666666667, 0.8336666666666667, 0.8438166666666667, 0.8512333333333333, 0.85795, 0.8631333333333333, 0.8673166666666666, 0.87085, 0.8735333333333334, 0.878, 0.8796166666666667, 0.88045, 0.8824833333333333, 0.8862666666666666, 0.8864666666666666, 0.8866333333333334, 0.8904833333333333, 0.8898, 0.8928333333333334, 0.8932833333333333, 0.8954833333333333, 0.8959333333333334, 0.8965333333333333, 0.8976166666666666, 0.8983, 0.901, 0.9012, 0.9014833333333333, 0.9018, 0.9038666666666667, 0.9056166666666666, 0.9048333333333334, 0.9065833333333333, 0.9074833333333333, 0.9078333333333334, 0.9080166666666667, 0.9094666666666666, 0.90975, 0.9097666666666666, 0.9105333333333333, 0.91195, 0.9134333333333333, 0.9129, 0.91435, 0.91255, 0.915, 0.915, 0.9172833333333333, 0.91735, 0.9156833333333333, 0.91905, 0.9187833333333333, 0.9202833333333333, 0.9191333333333334, 0.9192666666666667, 0.92035, 0.9205666666666666, 0.92195, 0.922], "train_acc": [0.82465, 0.8239, 0.8562166666666666, 0.8643166666666666, 0.8651833333333333, 0.8755666666666667, 0.8804166666666666, 0.8811, 0.8881333333333333, 0.8860333333333333, 0.8835, 0.8934666666666666, 0.89145, 0.8986166666666666, 0.89635, 0.8991333333333333, 0.9066166666666666, 0.90535, 0.9083833333333333, 0.9054333333333333, 0.9089166666666667, 0.8997333333333334, 0.9131333333333334, 0.9109666666666667, 0.9174666666666667, 0.9145166666666666, 0.9194833333333333, 0.9206166666666666, 0.9171833333333334, 0.91645, 0.9193, 0.9217333333333333, 0.9199166666666667, 0.9192666666666667, 0.9197, 0.91925, 0.9274166666666667, 0.9257833333333333, 0.9277, 0.9283833333333333, 0.9273666666666667, 0.9275666666666667, 0.9280166666666667, 0.9310666666666667, 0.9335166666666667, 0.9337833333333333, 0.9318833333333333, 0.9330833333333334, 0.9359333333333333, 0.9334833333333333, 0.9371, 0.93555, 0.9368333333333333, 0.9383333333333334, 0.9384333333333333, 0.93455, 0.9402166666666667, 0.9386166666666667, 0.9404833333333333, 0.9363], "valid_acc": [0.8096, 0.8139, 0.843, 0.8479, 0.8494, 0.8591, 0.8628, 0.8634, 0.8666, 0.8657, 0.8634, 0.8738, 0.8682, 0.8773, 0.8754, 0.8762, 0.8826, 0.8803, 0.8834, 0.8754, 0.8778, 0.8706, 0.8829, 0.8802, 0.8899, 0.8868, 0.8891, 0.8882, 0.8822, 0.8812, 0.886, 0.8881, 0.8869, 0.8844, 0.8821, 0.8821, 0.891, 0.8891, 0.8877, 0.8912, 0.8861, 0.8882, 0.8917, 0.8925, 0.89, 0.8889, 0.887, 0.8889, 0.8911, 0.8938, 0.8898, 0.8895, 0.8924, 0.8906, 0.8901, 0.889, 0.8932, 0.8905, 0.894, 0.8879]}