{"params": {"learning_rate": 0.001, "dropout": 0.5, "n1": 256, "n2": 128, "epochs": 60, "batches_size": 100}, "train_loss_inc": [2.2788995603720346, 2.233379586537679, 2.1674391555786134, 2.0678346133232117, 1.9260436693827312, 1.7685330162445705, 1.624665869474411, 1.5100029546022415, 1.4242977452278138, 1.347338020602862, 1.2868435472249984, 1.2367957631746929, 1.1909182061751684, 1.1486523906389872, 1.1151115413506825, 1.086216664512952, 1.0569657456874848, 1.034795049925645, 1.0108145435651144, 0.9911749568581582, 0.9723512902855873, 0.9561279434959093, 0.9419097451368967, 0.9259261605143547, 0.915029167731603, 0.9035251984993616, 0.8915945322314898, 0.8806733944018682, 0.8710519900918007, 0.8596366201837857, 0.8546381063262621, 0.8428492327531178, 0.8359053601821264, 0.8287627426783244, 0.8222216273347537, 0.8151327899098396, 0.8111927163600922, 0.8039988135298093, 0.7939735996723175, 0.7883159012099107, 0.7851566369334857, 0.778105751077334, 0.7717246379454931, 0.7706576330463092, 0.7622138638297716, 0.7549139991402626, 0.7503509378433227, 0.7469659556945165, 0.7421925242741902, 0.7363786400357882, 0.7345341051618258, 0.7273773218194644, 0.7260115381081899, 0.7205176122486592, 0.7153686615824699, 0.7110760168234507, 0.7076325628658136, 0.7034456892311574, 0.6999529711405437, 0.6960978954533736], "train_loss": [2.2500391844908396, 2.191586724917094, 2.0998495026429493, 1.9597411193450291, 1.7775786556800206, 1.59571713189284, 1.445172511935234, 1.3299112751086553, 1.2416346075137457, 1.1698743778467178, 1.1112851372361183, 1.0620297927657762, 1.0204633336265883, 0.9836492662628492, 0.951950557132562, 0.9248565916220347, 0.9006692777077357, 0.8799007068077723, 0.8611184431115786, 0.8445334697763125, 0.8285540489355723, 0.8152365179856619, 0.8032996002833048, 0.791381810704867, 0.7815428459644318, 0.7720117185513179, 0.7631441340843836, 0.7550786797205608, 0.746948027809461, 0.7393026141325633, 0.7325750434398651, 0.7259469450513522, 0.7194278034567833, 0.7124952051540215, 0.70686671068271, 0.7008744274576505, 0.6956736268599828, 0.6903930135567983, 0.6848454567790031, 0.6793957553307215, 0.6746283255517482, 0.6697063672542573, 0.6646063560247422, 0.6605268121262391, 0.6557973470787207, 0.6503540003796419, 0.6463797830541929, 0.6414320367077987, 0.6374828308820725, 0.6332919094959895, 0.6289495650927226, 0.624570415019989, 0.6211311511198679, 0.6173614466190338, 0.6133570933838686, 0.6089393592377503, 0.6054037615160147, 0.6019741119941076, 0.5983757192393144, 0.595185767908891], "valid_loss": [2.250416967868805, 2.192288029193878, 2.100999345779419, 1.9615632796287537, 1.7802869534492494, 1.5996107625961304, 1.4503465676307679, 1.3362663638591767, 1.2489970004558564, 1.1783708143234253, 1.12055095911026, 1.0720333689451218, 1.031052250266075, 0.9947137075662613, 0.9637434524297714, 0.9370823985338211, 0.9133420419692994, 0.8928282964229584, 0.874079584479332, 0.857931770682335, 0.8425650328397751, 0.8294714325666428, 0.8175609868764877, 0.8059856611490249, 0.7963921445608139, 0.7871319568157196, 0.7783045613765717, 0.7702895444631577, 0.7624457949399948, 0.7548644673824311, 0.7482163047790528, 0.7418836814165115, 0.7354030150175095, 0.7287827110290528, 0.7232154536247254, 0.7175202298164368, 0.7125262051820755, 0.7072220170497894, 0.7019546335935593, 0.6969535237550736, 0.691966667175293, 0.6871854186058044, 0.6822560599446297, 0.6786897447705269, 0.6737722080945968, 0.6687699890136719, 0.6647809970378876, 0.6600359013676643, 0.6563571065664291, 0.6522451856732369, 0.6481366974115371, 0.6437996152043343, 0.640578163266182, 0.6369053873419762, 0.6328936731815338, 0.6289607456326485, 0.6254645502567291, 0.6222385475039482, 0.6187273183465004, 0.6154666912555694], "train_acc_inc": [0.18166666666666667, 0.26206666666666667, 0.31166666666666665, 0.33753333333333335, 0.3581, 0.38708333333333333, 0.4262166666666667, 0.4557, 0.4778833333333333, 0.5025833333333334, 0.5223333333333333, 0.5397, 0.5563, 0.5700166666666666, 0.5828666666666666, 0.5912166666666666, 0.6024, 0.60975, 0.6192, 0.6272166666666666, 0.6350166666666667, 0.6406833333333334, 0.6434166666666666, 0.6527, 0.6564833333333333, 0.6622833333333333, 0.66815, 0.6704833333333333, 0.6760833333333334, 0.6792, 0.6826, 0.6854333333333333, 0.69395, 0.6948166666666666, 0.69835, 0.7013, 0.70495, 0.70565, 0.7108166666666667, 0.7135166666666667, 0.7182, 0.71965, 0.7220166666666666, 0.7207166666666667, 0.7250833333333333, 0.7277166666666667, 0.7315166666666667, 0.7340166666666667, 0.7346833333333334, 0.7360833333333333, 0.7372166666666666, 0.7423, 0.7397666666666667, 0.7428666666666667, 0.7447166666666667, 0.7473833333333333, 0.7475666666666667, 0.7512833333333333, 0.7514666666666666, 0.7535833333333334], "train_acc": [0.29196666666666665, 0.37165, 0.4582833333333333, 0.47773333333333334, 0.48475, 0.5218, 0.5638333333333333, 0.5843333333333334, 0.6034833333333334, 0.61595, 0.6214833333333334, 0.6296333333333334, 0.6343333333333333, 0.65435, 0.6621833333333333, 0.6700666666666667, 0.6717833333333333, 0.6800333333333334, 0.6843, 0.6841166666666667, 0.6911666666666667, 0.6943666666666667, 0.6954666666666667, 0.69975, 0.70295, 0.7072166666666667, 0.7097166666666667, 0.71085, 0.7153, 0.7195333333333334, 0.7233166666666667, 0.7247, 0.7290166666666666, 0.7330333333333333, 0.7354333333333334, 0.7393666666666666, 0.7406666666666667, 0.7432833333333333, 0.7453833333333333, 0.74775, 0.74945, 0.7519, 0.7547, 0.75595, 0.7591833333333333, 0.7615166666666666, 0.7627333333333334, 0.7658666666666667, 0.7668166666666667, 0.7704166666666666, 0.7714333333333333, 0.7738, 0.7746, 0.7764333333333333, 0.7767, 0.7803, 0.7815166666666666, 0.7825333333333333, 0.7844833333333333, 0.7857166666666666], "valid_acc": [0.2933, 0.3707, 0.4595, 0.4779, 0.4842, 0.5187, 0.5587, 0.5794, 0.5965, 0.6102, 0.6132, 0.6213, 0.6266, 0.6446, 0.6501, 0.6574, 0.6607, 0.6681, 0.673, 0.6725, 0.6784, 0.6838, 0.6822, 0.6871, 0.6895, 0.6948, 0.6987, 0.6997, 0.7037, 0.7095, 0.7146, 0.7149, 0.721, 0.726, 0.7279, 0.7307, 0.7329, 0.7358, 0.7374, 0.7384, 0.7414, 0.744, 0.7467, 0.7466, 0.7507, 0.7537, 0.7545, 0.7583, 0.7602, 0.7618, 0.7627, 0.7657, 0.7662, 0.7671, 0.7684, 0.7705, 0.7719, 0.7729, 0.7745, 0.7767]}