{
    "train_loss_inc": [
        2.283996567726135,
        2.2314677759011587,
        2.1502354872226714,
        2.030442498524984,
        1.8724110853672027,
        1.7066061562299728,
        1.5654134198029837,
        1.4481263540188472,
        1.3554718573888143,
        1.2838858169317247,
        1.222726089755694,
        1.1694959144790966,
        1.1243342824776967,
        1.0871188921729724,
        1.0553044415513675,
        1.0274361069003741,
        1.0014334137241045,
        0.9769920941193898,
        0.9539093685150146,
        0.9369051233927409,
        0.9178856488068898,
        0.9044352300961812,
        0.8889690133929252,
        0.8760663825273514,
        0.86335133989652,
        0.8534899946053823,
        0.8438282959659894,
        0.8319570940732955,
        0.8263503740231196,
        0.8144173404574394
    ],
    "train_loss": [
        2.257535384496053,
        2.190795081059138,
        2.0852297933896384,
        1.9345676219463348,
        1.7526742714643477,
        1.5799808810154596,
        1.4363965898752213,
        1.3215844178199767,
        1.2302734514077505,
        1.15791621307532,
        1.0990738479296367,
        1.0495011683305104,
        1.0084354095657666,
        0.9733464860916138,
        0.9429529596368472,
        0.9163061969478925,
        0.8933507104714712,
        0.8723739947875341,
        0.853224161763986,
        0.8365782607595126,
        0.821568933626016,
        0.8082972044746081,
        0.7962214793761572,
        0.7842501848936081,
        0.7737385117014249,
        0.7643108961979548,
        0.7556356310844421,
        0.747370807826519,
        0.7393413749337197,
        0.7322670830289523
    ],
    "valid_loss": [
        2.2575905108451844,
        2.190900831222534,
        2.0855691409111023,
        1.9353851103782653,
        1.7543621706962584,
        1.5826126742362976,
        1.44006312251091,
        1.3265790772438049,
        1.2360734093189238,
        1.1648620104789733,
        1.1070413941144943,
        1.0581879425048828,
        1.0179718363285064,
        0.9836398023366928,
        0.9537807786464692,
        0.9273080813884735,
        0.9048926860094071,
        0.8845201259851456,
        0.8657745206356049,
        0.8492467826604844,
        0.8345023554563522,
        0.8216729760169983,
        0.8101205933094024,
        0.7984048265218735,
        0.7878282630443573,
        0.7786142069101334,
        0.7705199605226517,
        0.7621455597877502,
        0.754559862613678,
        0.7475695332884789
    ],
    "train_acc_inc": [
        0.12065,
        0.17975,
        0.25808333333333333,
        0.3416166666666667,
        0.38251666666666667,
        0.4211666666666667,
        0.45868333333333333,
        0.49015,
        0.5140333333333333,
        0.5334166666666667,
        0.55025,
        0.5661333333333334,
        0.5814166666666667,
        0.59335,
        0.6054333333333334,
        0.6139166666666667,
        0.6216333333333334,
        0.63165,
        0.6415333333333333,
        0.6468166666666667,
        0.6540166666666667,
        0.6592333333333333,
        0.6631,
        0.6718833333333334,
        0.6769166666666667,
        0.6796,
        0.6825166666666667,
        0.6913833333333333,
        0.6916833333333333,
        0.6961666666666667
    ],
    "train_acc": [
        0.15078333333333332,
        0.2392,
        0.3824,
        0.437,
        0.46973333333333334,
        0.5267833333333334,
        0.5644666666666667,
        0.5854333333333334,
        0.6042833333333333,
        0.6090166666666667,
        0.6178333333333333,
        0.6363,
        0.6403,
        0.6513666666666666,
        0.6572666666666667,
        0.66525,
        0.6709166666666667,
        0.6771166666666667,
        0.6865833333333333,
        0.69075,
        0.6943,
        0.69795,
        0.6981833333333334,
        0.7051333333333333,
        0.7096666666666667,
        0.71145,
        0.7159666666666666,
        0.7186833333333333,
        0.7259,
        0.7273333333333334
    ],
    "valid_acc": [
        0.1525,
        0.2407,
        0.3778,
        0.4276,
        0.4669,
        0.5254,
        0.558,
        0.5787,
        0.6,
        0.6041,
        0.6125,
        0.6278,
        0.6321,
        0.6397,
        0.6452,
        0.6536,
        0.6601,
        0.6684,
        0.6762,
        0.6813,
        0.6859,
        0.6902,
        0.6875,
        0.6969,
        0.7016,
        0.7031,
        0.7077,
        0.7097,
        0.7169,
        0.7176
    ]
}