{"params": {"learning_rate": 0.01, "dropout": 0.2, "n1": 128, "n2": 64, "epochs": 60, "batches_size": 100}, "train_loss_inc": [1.8761062743266423, 1.0725992165009182, 0.8616720873117447, 0.7733202824989954, 0.7123166428009668, 0.666259058068196, 0.6313555970788002, 0.6011341861883799, 0.5751399452487628, 0.5550538236896198, 0.5407208517193794, 0.5242092050611973, 0.5129381618400415, 0.5018176760772864, 0.4909719134370486, 0.48185585004587966, 0.4717830958465735, 0.46564136375983556, 0.46061188290516536, 0.4529808002213637, 0.44756557000180086, 0.43982272860904537, 0.4343854477008184, 0.4326167210936546, 0.42738626251618067, 0.4204232886930307, 0.41859018911918006, 0.41425206666191416, 0.4060257764160633, 0.40536365618308384, 0.40530787492791814, 0.3995509628454844, 0.3971366702268521, 0.3926641896615426, 0.38954877488315104, 0.38741777554154394, 0.38544008779029054, 0.38329642278452714, 0.3790630586942037, 0.37636720764140286, 0.37310374148190023, 0.3702005295207103, 0.368325195685029, 0.3659802925089995, 0.36553557564814887, 0.3631561891237895, 0.3618710433940093, 0.35717490665614604, 0.3544210946808259, 0.35330699048936365, 0.35170826071252426, 0.3495663831134637, 0.3480079976717631, 0.34638061814010146, 0.3460380797088146, 0.3430268879483144, 0.34051765146354834, 0.33965509369969366, 0.33889052997032804, 0.3348355706532796], "train_loss": [1.2148503641287485, 0.8318206527829171, 0.726103956202666, 0.6641567134857178, 0.6113167054951191, 0.5787833044926326, 0.5469621986150741, 0.5228628639876842, 0.503291744540135, 0.48635304436087606, 0.47286876315871873, 0.4659213588138421, 0.4509076911211014, 0.44346272150675453, 0.43472458052138485, 0.4272748383631309, 0.4172647121797005, 0.41341468368967377, 0.40651526393989723, 0.4001685438056787, 0.3939601510763168, 0.39103808912138144, 0.3845854217062394, 0.38106846059362093, 0.3767062849551439, 0.37327945897976555, 0.36873293176293376, 0.36646532046298186, 0.36269141753514605, 0.35870172299444675, 0.3555113815764586, 0.3533578358590603, 0.35253358222544195, 0.34697121056417624, 0.3441539159665505, 0.3420783459146817, 0.3388785081356764, 0.33670361153781414, 0.33429646511872607, 0.3333744985361894, 0.3310125345736742, 0.3274830952038368, 0.32351608987897634, 0.32288298500080903, 0.3215766257047653, 0.3212553812066714, 0.31496542076269785, 0.31588287055492403, 0.3147526902953784, 0.3129377370203535, 0.30996312615772087, 0.3065217915177345, 0.30449249704678855, 0.30387842108805974, 0.30074103067318597, 0.29975462776919204, 0.29889910634607075, 0.2990697068721056, 0.2959196049223344, 0.2943318374454975], "valid_loss": [1.2201522541046144, 0.8437989372014999, 0.7407155585289001, 0.6817277625203133, 0.6318676561117172, 0.5996782255172729, 0.569786956012249, 0.5473303809762001, 0.5286149907112122, 0.5128974166512489, 0.500320131778717, 0.4938675770163536, 0.4795708549022675, 0.4729219126701355, 0.46465293675661085, 0.45983468770980834, 0.44961940169334413, 0.4474410790205002, 0.4416689741611481, 0.43612809538841246, 0.4307538542151451, 0.4284120348095894, 0.4223642894625664, 0.42034827202558517, 0.4163737085461616, 0.4136271184682846, 0.40966700807213785, 0.4082845719158649, 0.4051686292886734, 0.4021249777078629, 0.39841079354286196, 0.39687524780631067, 0.39675372540950776, 0.3925246684253216, 0.38945052951574327, 0.388337342441082, 0.3854362416267395, 0.3836273197829723, 0.3815260161459446, 0.38190544813871385, 0.3802960027754307, 0.3771288825571537, 0.37269759714603423, 0.37323215931653975, 0.3723187154531479, 0.37302710123360155, 0.36738969907164576, 0.36911467716097834, 0.368875990062952, 0.3682320985198021, 0.3648084096610546, 0.3628920512646437, 0.3605782440304756, 0.360667312592268, 0.35909132316708564, 0.35660032004117964, 0.35676744773983954, 0.3587592801451683, 0.35504959866404534, 0.35414219871163366], "train_acc_inc": [0.3617, 0.60485, 0.6756833333333333, 0.7180166666666666, 0.74715, 0.76495, 0.78145, 0.7913666666666667, 0.8005166666666667, 0.8078833333333333, 0.81315, 0.81815, 0.8216666666666667, 0.8249, 0.8289333333333333, 0.8304, 0.8356333333333333, 0.8373333333333334, 0.83865, 0.8411166666666666, 0.8424833333333334, 0.8450666666666666, 0.8457, 0.8469166666666667, 0.8496, 0.8510833333333333, 0.85245, 0.8541666666666666, 0.8562333333333333, 0.8573333333333333, 0.85725, 0.8596666666666667, 0.8604833333333334, 0.86155, 0.8623666666666666, 0.8642333333333333, 0.8638833333333333, 0.86465, 0.8671666666666666, 0.8663333333333333, 0.8683333333333333, 0.86865, 0.8693666666666666, 0.872, 0.8716333333333334, 0.8713166666666666, 0.8725166666666667, 0.8739833333333333, 0.8748833333333333, 0.87645, 0.87625, 0.8764333333333333, 0.87705, 0.8774166666666666, 0.8774, 0.8787333333333334, 0.8786, 0.8800833333333333, 0.8805, 0.8810166666666667], "train_acc": [0.6342666666666666, 0.6847333333333333, 0.7336166666666667, 0.7635666666666666, 0.7836, 0.7952333333333333, 0.8121666666666667, 0.8192666666666667, 0.8255, 0.8305, 0.8346, 0.8372333333333334, 0.8411666666666666, 0.8422833333333334, 0.8457833333333333, 0.8480833333333333, 0.8508, 0.8504, 0.8545166666666667, 0.8560666666666666, 0.8588666666666667, 0.8598333333333333, 0.86205, 0.86415, 0.8651166666666666, 0.86635, 0.8677166666666667, 0.8684833333333334, 0.8698166666666667, 0.8705333333333334, 0.87235, 0.87245, 0.8733833333333333, 0.8759, 0.8761333333333333, 0.8771666666666667, 0.8792166666666666, 0.8792333333333333, 0.8802166666666666, 0.8800833333333333, 0.88055, 0.8817166666666667, 0.8840166666666667, 0.8841, 0.8846, 0.8845833333333334, 0.8869833333333333, 0.8858333333333334, 0.8863166666666666, 0.8881666666666667, 0.8889166666666667, 0.8906333333333334, 0.89085, 0.8906333333333334, 0.8920333333333333, 0.89325, 0.8930833333333333, 0.8926333333333333, 0.89375, 0.8944333333333333], "valid_acc": [0.6259, 0.6726, 0.725, 0.7505, 0.7748, 0.783, 0.7987, 0.8057, 0.8125, 0.8178, 0.8207, 0.8219, 0.8264, 0.8287, 0.8312, 0.8337, 0.8367, 0.836, 0.839, 0.8423, 0.8434, 0.8431, 0.8468, 0.847, 0.8471, 0.8493, 0.8505, 0.8506, 0.8523, 0.8523, 0.8556, 0.8568, 0.8566, 0.8586, 0.8587, 0.8609, 0.8615, 0.8621, 0.8631, 0.8595, 0.8623, 0.8626, 0.8671, 0.8655, 0.8632, 0.8654, 0.8684, 0.8665, 0.8661, 0.8676, 0.8679, 0.8689, 0.8705, 0.87, 0.8709, 0.8728, 0.8724, 0.871, 0.872, 0.873]}