{"params": {"learning_rate": 0.001, "dropout": 0.2, "n1": 128, "n2": 64, "epochs": 50, "batches_size": 100}, "train_loss_inc": [2.2818357872962953, 2.2241883087158203, 2.1400757161776225, 2.013416271805763, 1.842965962489446, 1.6660989119609197, 1.5181783817211787, 1.4030932273467382, 1.3153787962595622, 1.2437945051987966, 1.1816258591413498, 1.1328351943691573, 1.0887111559510232, 1.054433126548926, 1.0214963711301486, 0.995523640314738, 0.9667331327994665, 0.9493929889798164, 0.9238697370886803, 0.9080832533041636, 0.8906206598877907, 0.8748732379078865, 0.8617855950196585, 0.8506847336888314, 0.840408996740977, 0.8295367298523585, 0.8186609810590744, 0.8082607497771581, 0.7999797440568606, 0.7911547417442004, 0.7852625063061714, 0.7766143682599068, 0.7705635218818983, 0.7620831801493962, 0.7537932848930359, 0.7479794649283091, 0.7419072206815084, 0.7359991369148096, 0.7303879715998968, 0.7230220148464044, 0.7184767886002859, 0.7117649385333061, 0.7087310917675496, 0.7004413870473702, 0.6973895460367203, 0.6914913305143515, 0.688138068964084, 0.6852893149852752, 0.6766281509896119, 0.6725139355659485], "train_loss": [2.251629167397817, 2.180453604857127, 2.068883235851924, 1.9082339843114218, 1.7120546893278759, 1.5308515091737112, 1.3883934531609217, 1.2779818679889043, 1.191951018969218, 1.122526509364446, 1.0656977517406145, 1.0182913812001546, 0.9783408622940382, 0.9445216137170792, 0.9149743841091792, 0.8899857646226883, 0.8669857126474381, 0.8475921437144279, 0.8300196526447932, 0.8143176971872648, 0.7999164976676305, 0.7870769810676574, 0.774967240591844, 0.764009003440539, 0.7540993152062098, 0.7449039254585902, 0.7363907063007354, 0.7276616363724073, 0.7198762008547783, 0.7120202095309893, 0.7051985611518224, 0.69816246509552, 0.6916717619697252, 0.6852284712592761, 0.6791675987839699, 0.6729621643324694, 0.6669318314890067, 0.6616113115350405, 0.6557028513153395, 0.6502482946713766, 0.6449281155069669, 0.6398367406427861, 0.6350627108414968, 0.6300871265431245, 0.6253579816718896, 0.6207503345608711, 0.6160561442871888, 0.612133939464887, 0.607288318624099, 0.6029909245173136], "valid_loss": [2.2518654370307924, 2.181055929660797, 2.0701708388328552, 1.9104667592048645, 1.7154258453845979, 1.5354073870182037, 1.3939898383617402, 1.2848893654346467, 1.2001282286643982, 1.1316043215990066, 1.0757520526647568, 1.0288197636604308, 0.989851365685463, 0.9563696599006652, 0.9271421831846237, 0.90252210855484, 0.8802528554201126, 0.8610608124732971, 0.8435856527090073, 0.8280474007129669, 0.813931657075882, 0.8012110036611557, 0.7896631348133087, 0.7785563808679581, 0.7690022498369217, 0.7603357750177383, 0.7519584661722183, 0.7433999860286713, 0.7359753626585007, 0.7282218909263611, 0.7214998316764831, 0.7143605375289916, 0.7085209786891937, 0.7022239649295807, 0.6963327717781067, 0.690077679157257, 0.6844013100862503, 0.6794831615686416, 0.6737976315617561, 0.6684262454509735, 0.6635353618860245, 0.6585048159956932, 0.65388089209795, 0.6491112914681435, 0.644751718044281, 0.6401048111915588, 0.635306504368782, 0.6316286006569862, 0.6271869412064552, 0.6232274901866913], "train_acc_inc": [0.12988333333333332, 0.19383333333333333, 0.2914333333333333, 0.38176666666666664, 0.4254833333333333, 0.4558833333333333, 0.49133333333333334, 0.5204833333333333, 0.5386166666666666, 0.5554333333333333, 0.5748833333333333, 0.5853833333333334, 0.5975833333333334, 0.60665, 0.6188833333333333, 0.6264, 0.6346333333333334, 0.6427833333333334, 0.6524166666666666, 0.6572, 0.6639833333333334, 0.6731833333333334, 0.6767166666666666, 0.6809666666666667, 0.68705, 0.68975, 0.6958833333333333, 0.6985166666666667, 0.7036, 0.7100166666666666, 0.7123833333333334, 0.7152333333333334, 0.7190666666666666, 0.7223333333333334, 0.7273333333333334, 0.7303166666666666, 0.72975, 0.7347166666666667, 0.7358666666666667, 0.7413, 0.7419, 0.7479666666666667, 0.7477666666666667, 0.7500666666666667, 0.7525333333333334, 0.7537166666666667, 0.7556, 0.7564833333333333, 0.7606833333333334, 0.76245], "train_acc": [0.13665, 0.25793333333333335, 0.38221666666666665, 0.40031666666666665, 0.4958166666666667, 0.5831, 0.6136166666666667, 0.61935, 0.6261666666666666, 0.6347, 0.6387666666666667, 0.6472833333333333, 0.65575, 0.6606, 0.6684666666666667, 0.6732333333333334, 0.6790333333333334, 0.6882666666666667, 0.69125, 0.6959833333333333, 0.6983166666666667, 0.7026333333333333, 0.7087166666666667, 0.7174166666666667, 0.7221666666666666, 0.7266833333333333, 0.7271666666666666, 0.7320833333333333, 0.7356166666666667, 0.7409333333333333, 0.7430166666666667, 0.7473166666666666, 0.74985, 0.7533833333333333, 0.7547333333333334, 0.7576833333333334, 0.7610166666666667, 0.7616333333333334, 0.76545, 0.7684833333333333, 0.7710666666666667, 0.7727, 0.7746166666666666, 0.7765333333333333, 0.77915, 0.7811833333333333, 0.7827, 0.7839666666666667, 0.7867833333333333, 0.7885166666666666], "valid_acc": [0.1351, 0.2531, 0.3761, 0.3967, 0.4879, 0.576, 0.6024, 0.6088, 0.6167, 0.6238, 0.6295, 0.6381, 0.6436, 0.6506, 0.6574, 0.6615, 0.6678, 0.6755, 0.6787, 0.6837, 0.6858, 0.6907, 0.6956, 0.7055, 0.7103, 0.7166, 0.7173, 0.7223, 0.7232, 0.7297, 0.7322, 0.7369, 0.7372, 0.7403, 0.743, 0.7456, 0.7485, 0.7498, 0.7537, 0.7582, 0.7609, 0.7636, 0.7645, 0.7669, 0.7689, 0.7705, 0.7715, 0.7731, 0.7766, 0.7776]}