{"params": {"learning_rate": 0.001, "dropout": 0.2, "n1": 128, "n2": 64, "epochs": 60, "batches_size": 100}, "train_loss_inc": [2.2880875261624656, 2.24466711918513, 2.1835378201802573, 2.0881616367896396, 1.9457397282123565, 1.7718618979056677, 1.614035275777181, 1.4877884111801782, 1.3853236232201258, 1.304287118514379, 1.2369373416900635, 1.1777971092859905, 1.1304529117544493, 1.0842072155078253, 1.0484133619070053, 1.0155281848708788, 0.9909005702535312, 0.9647488116224607, 0.9442355365554491, 0.9243220023314158, 0.90770141462485, 0.8919196021556854, 0.8803915153940519, 0.8666410462061565, 0.8542415371537209, 0.8460233748952548, 0.8357701214154561, 0.8241477602720261, 0.8140370953083038, 0.8063564850886663, 0.8010566771030426, 0.7910977878173192, 0.7853176493446032, 0.777397129436334, 0.7684031683206558, 0.7628680582841237, 0.7551423169175784, 0.75092073371013, 0.7424685268600781, 0.7401845466593902, 0.7294413054486116, 0.7259271328647932, 0.7183959417541822, 0.7140456364055474, 0.7097074040273825, 0.7035614330569903, 0.6986875241498153, 0.6945582575102647, 0.6917495127022266, 0.6880367364982763, 0.6817263627052307, 0.6770803143580755, 0.6702346304059028, 0.6675526673098405, 0.6610062414904435, 0.6586909248431524, 0.654103772242864, 0.6519898409148057, 0.6474568008383115, 0.6449073602755865], "train_loss": [2.264076901276906, 2.2121541019280753, 2.132614945570628, 2.0073750068744025, 1.8292712320884068, 1.6432881265878678, 1.4882620843251546, 1.3652620853980382, 1.2661274580160777, 1.1847398753960927, 1.117395735482375, 1.0594471175471942, 1.012129297753175, 0.9716437068581582, 0.9376400522391002, 0.9086400552590688, 0.8843610790371895, 0.8630673570434252, 0.844256050089995, 0.8276197353005409, 0.81325629144907, 0.7999041258295377, 0.787932369808356, 0.7770763450860977, 0.7666942932208379, 0.7577990022301674, 0.7490003022551537, 0.7403415917356809, 0.7320494797825813, 0.7247011032700539, 0.7171139667928219, 0.7102541958292325, 0.7038751237094403, 0.6969825189312299, 0.6912712193032106, 0.6843405474722385, 0.6778960036238034, 0.6726164485514164, 0.6661738825341066, 0.6610314163565636, 0.6555063861608506, 0.6503118807574113, 0.6444443614284198, 0.6398480191826821, 0.6349173391858737, 0.6298437718053659, 0.6253700126707554, 0.6209802939494451, 0.6167368761201699, 0.612710754374663, 0.6086507290105025, 0.6045282744367917, 0.6006445187330246, 0.5968170686562856, 0.5926271320382754, 0.5889604508380095, 0.5853716746966044, 0.582283472965161, 0.5789566681285699, 0.5756119993329049], "valid_loss": [2.2640796279907227, 2.2123390817642212, 2.13306964635849, 2.0081882214546205, 1.8306959962844849, 1.6454251766204835, 1.4910462665557862, 1.3688598442077637, 1.2704891550540924, 1.1896824908256531, 1.1234152603149414, 1.0663548570871353, 1.019785186648369, 0.9800614249706269, 0.9467562407255172, 0.9185045784711838, 0.8948609602451324, 0.874118959903717, 0.855708389878273, 0.8399116080999375, 0.8256615841388703, 0.8123185044527054, 0.8013035517930984, 0.7904383081197739, 0.780527474284172, 0.7716590106487274, 0.7633304387331009, 0.7547361928224564, 0.74695352435112, 0.7400499492883682, 0.7328252184391022, 0.7258593171834946, 0.7200811272859573, 0.712991726398468, 0.7075087517499924, 0.7009405642747879, 0.6948468792438507, 0.6897265499830246, 0.6836092120409012, 0.6784228798747063, 0.6736798250675201, 0.6679253363609314, 0.66288758456707, 0.6582678517699242, 0.6537382853031158, 0.6491438028216362, 0.6445759585499764, 0.6401657122373581, 0.6362735351920128, 0.6324187716841698, 0.62867819160223, 0.6246404677629471, 0.6208723044395447, 0.6174229001998901, 0.6132676801085473, 0.6099636727571487, 0.6063547691702843, 0.6034202307462693, 0.6000883474946022, 0.597189930677414], "train_acc_inc": [0.121, 0.16263333333333332, 0.25448333333333334, 0.35033333333333333, 0.40373333333333333, 0.4270333333333333, 0.45443333333333336, 0.48878333333333335, 0.517, 0.5348833333333334, 0.55625, 0.5729333333333333, 0.5821333333333333, 0.59705, 0.6055333333333334, 0.6188666666666667, 0.626, 0.6346166666666667, 0.641, 0.6470166666666667, 0.6550833333333334, 0.6612333333333333, 0.6659, 0.67085, 0.67625, 0.6813166666666667, 0.6849833333333334, 0.6906, 0.6964, 0.7023833333333334, 0.7042166666666667, 0.7087, 0.7128, 0.7162833333333334, 0.72175, 0.72435, 0.7261, 0.7314833333333334, 0.73325, 0.7355333333333334, 0.74085, 0.7424333333333333, 0.7447833333333334, 0.7470166666666667, 0.7483333333333333, 0.7525, 0.7541, 0.7544666666666666, 0.7577833333333334, 0.7593166666666666, 0.7603166666666666, 0.7624, 0.7660833333333333, 0.7668833333333334, 0.7697666666666667, 0.7701, 0.7693, 0.7729, 0.7753666666666666, 0.77615], "train_acc": [0.11988333333333333, 0.19705, 0.3909166666666667, 0.5082333333333333, 0.5415666666666666, 0.5727666666666666, 0.60475, 0.627, 0.6342666666666666, 0.6372166666666667, 0.6392833333333333, 0.6506, 0.6525, 0.6624666666666666, 0.6648, 0.6706, 0.6755166666666667, 0.6771166666666667, 0.6822833333333334, 0.6889333333333333, 0.6930333333333333, 0.6983166666666667, 0.7001666666666667, 0.70585, 0.7091666666666666, 0.7118, 0.7168333333333333, 0.7236666666666667, 0.7283333333333334, 0.7300666666666666, 0.73985, 0.7410333333333333, 0.7416666666666667, 0.7486166666666667, 0.7504333333333333, 0.75675, 0.7599, 0.7592, 0.7649333333333334, 0.76615, 0.7676666666666667, 0.7697833333333334, 0.7749333333333334, 0.7745833333333333, 0.7776666666666666, 0.7809333333333334, 0.7814333333333333, 0.7838, 0.78675, 0.7866833333333333, 0.7884166666666667, 0.7902166666666667, 0.7906333333333333, 0.793, 0.7943666666666667, 0.7966833333333333, 0.7976166666666666, 0.7986666666666666, 0.7999666666666667, 0.8007833333333333], "valid_acc": [0.1207, 0.1958, 0.3884, 0.4935, 0.5267, 0.5623, 0.5966, 0.6143, 0.62, 0.6254, 0.6317, 0.6404, 0.6435, 0.6525, 0.6546, 0.6615, 0.6675, 0.6684, 0.6746, 0.68, 0.6848, 0.69, 0.6909, 0.6963, 0.6989, 0.7009, 0.7071, 0.7113, 0.7164, 0.7181, 0.7285, 0.7305, 0.7304, 0.7375, 0.7406, 0.7464, 0.7488, 0.7472, 0.754, 0.7542, 0.7558, 0.7582, 0.7634, 0.7633, 0.7656, 0.7694, 0.7695, 0.7721, 0.7747, 0.7746, 0.7767, 0.7773, 0.7781, 0.7808, 0.7817, 0.7835, 0.785, 0.7848, 0.7874, 0.7885]}