{"params": {"learning_rate": 0.005, "dropout": 0.5, "n1": 128, "n2": 64, "epochs": 50, "batches_size": 100}, "train_loss_inc": [2.198583048383395, 1.737995596130689, 1.3939669954776763, 1.218903462688128, 1.1063480372230212, 1.0317576616009076, 0.9771258467435837, 0.9372302942474683, 0.904605535765489, 0.8692876582344373, 0.8446868105729421, 0.826180998980999, 0.8102929483850797, 0.7900716416041056, 0.7711470484733581, 0.7561747057239214, 0.7425205823779106, 0.7270215913653374, 0.7172819056610267, 0.7062188724180063, 0.6919377763569355, 0.679936177978913, 0.6705781099696954, 0.6632581319908301, 0.6549458501736323, 0.6421170002718767, 0.6384081141153971, 0.6315991022189458, 0.6248362956941128, 0.6182208899656931, 0.6111962899068991, 0.6043395700554053, 0.5983312386771044, 0.5917849485576153, 0.5847334100802739, 0.5833175560335319, 0.5801847197612127, 0.5679915661116441, 0.5701383925477663, 0.5621513479451339, 0.5636076703667641, 0.5632763180136681, 0.552256383250157, 0.5510906955599785, 0.5486755215624968, 0.5464121724168459, 0.5405984003345171, 0.537119758874178, 0.5340397516886394, 0.5325278447071711], "train_loss": [1.9596185249090194, 1.3532769163449605, 1.1088088962435723, 0.9726551402608553, 0.8904590610663096, 0.8340429716308911, 0.7960794511437416, 0.7644456930955251, 0.7399161436160405, 0.7173609536886215, 0.6984023013710976, 0.6806590475142003, 0.6663969308137894, 0.6499036109944185, 0.6353066524863243, 0.6208369638522466, 0.6082386457423369, 0.5956735840439796, 0.5839674896498521, 0.5716650874416034, 0.5598244345188141, 0.551673448185126, 0.540529569486777, 0.532365238716205, 0.5250561342636744, 0.5169984205563863, 0.5096701509753863, 0.5015909397105376, 0.4973232387006283, 0.4901564294596513, 0.4842173473536968, 0.4801439889272054, 0.47467377096414565, 0.47012032409509025, 0.46430082435409226, 0.45975316151976586, 0.4569827421009541, 0.4545238769551118, 0.4496578845381737, 0.4485684173554182, 0.4433052926758925, 0.43973898224532604, 0.43578682323296863, 0.4329216542591651, 0.430099899644653, 0.4282623029500246, 0.4246041868130366, 0.4222981461882591, 0.4192569634069999, 0.41670182113846144], "valid_loss": [1.9611425733566283, 1.3592321395874023, 1.1183137667179108, 0.9852113556861878, 0.9038570761680603, 0.8485539317131042, 0.811542421579361, 0.7801376700401306, 0.7560253423452378, 0.7345790582895279, 0.7158498382568359, 0.6985519444942474, 0.6845672753453255, 0.6690510720014572, 0.6549398171901702, 0.6401992842555047, 0.6285559597611428, 0.6175419366359711, 0.6057243484258652, 0.5937339416146279, 0.5833985790610313, 0.5757839223742485, 0.5648882025480271, 0.5572401940822601, 0.5502414101362229, 0.5430704924464226, 0.5359312599897385, 0.5290957435965538, 0.5248641690611839, 0.5186540085077286, 0.5130551427602768, 0.5101004487276077, 0.5053196200728416, 0.5004471471905708, 0.49598308295011523, 0.4919138664007187, 0.48975601971149446, 0.48746004402637483, 0.4830449602007866, 0.4824668174982071, 0.47810889333486556, 0.47446026146411896, 0.47124888211488725, 0.46879649013280866, 0.46556336522102354, 0.4639592570066452, 0.4612668177485466, 0.4598823729157448, 0.4567703440785408, 0.4547446319460869], "train_acc_inc": [0.20226666666666668, 0.3523833333333333, 0.4579, 0.52805, 0.5710666666666666, 0.604, 0.6278166666666667, 0.6467166666666667, 0.6608833333333334, 0.6732833333333333, 0.6854, 0.6947333333333333, 0.7013333333333334, 0.7112833333333334, 0.7204166666666667, 0.7287666666666667, 0.7343, 0.7379, 0.7436166666666667, 0.7477333333333334, 0.7535, 0.7594166666666666, 0.764, 0.7685, 0.7728166666666667, 0.77655, 0.7805, 0.7837333333333333, 0.78515, 0.7883, 0.7908666666666667, 0.79115, 0.7941333333333334, 0.797, 0.8010833333333334, 0.7995, 0.8033166666666667, 0.8048666666666666, 0.80665, 0.8085666666666667, 0.8077666666666666, 0.8083, 0.8115666666666667, 0.8119833333333333, 0.8132166666666667, 0.8155166666666667, 0.8151333333333334, 0.8168333333333333, 0.8169, 0.8186333333333333], "train_acc": [0.4414666666666667, 0.5611, 0.5968666666666667, 0.6178, 0.6699666666666667, 0.6847666666666666, 0.7036333333333333, 0.7169166666666666, 0.7270166666666666, 0.7274, 0.7411666666666666, 0.7482666666666666, 0.7544666666666666, 0.7589166666666667, 0.7617833333333334, 0.7788833333333334, 0.7784333333333333, 0.7839666666666667, 0.7933, 0.8001666666666667, 0.8042333333333334, 0.80045, 0.8129166666666666, 0.81555, 0.8170833333333334, 0.8213833333333334, 0.82365, 0.8256666666666667, 0.82695, 0.8286833333333333, 0.8308666666666666, 0.83165, 0.8336833333333333, 0.8361333333333333, 0.8365833333333333, 0.8381166666666666, 0.8393833333333334, 0.8397, 0.8411666666666666, 0.8412666666666667, 0.8425166666666667, 0.8448833333333333, 0.8461666666666666, 0.8472166666666666, 0.8481, 0.84845, 0.8495666666666667, 0.85015, 0.8513, 0.8520666666666666], "valid_acc": [0.441, 0.5556, 0.5926, 0.6102, 0.6633, 0.6768, 0.6931, 0.7052, 0.7155, 0.715, 0.7323, 0.7425, 0.7472, 0.7513, 0.7522, 0.7707, 0.7698, 0.7749, 0.7825, 0.7908, 0.7952, 0.7909, 0.802, 0.8042, 0.807, 0.8108, 0.8138, 0.8152, 0.8159, 0.8161, 0.8201, 0.8202, 0.8209, 0.8219, 0.8231, 0.8243, 0.827, 0.8272, 0.8269, 0.8295, 0.829, 0.8315, 0.8322, 0.8322, 0.8344, 0.8342, 0.8353, 0.835, 0.8362, 0.8373]}