{"params": {"learning_rate": 0.005, "dropout": 0.5, "n1": 128, "n2": 64, "epochs": 50, "batches_size": 60}, "train_loss_inc": [2.0363332961797713, 1.3841790894269943, 1.1206550379395486, 0.9906106864213944, 0.9185389913320542, 0.8634235190749169, 0.8261062316298485, 0.794034000813961, 0.7686116161644458, 0.744296266913414, 0.7166276145279408, 0.6955811848342419, 0.6765026845037937, 0.6573566907048225, 0.6422615425288677, 0.6272261289060116, 0.6176899254322052, 0.6031237187087536, 0.5937282003760338, 0.5868666131794452, 0.574880840420723, 0.567616262704134, 0.5582454673349857, 0.5549387344121933, 0.546313021928072, 0.5411255901157856, 0.5355789007991553, 0.533033146545291, 0.5237717822194099, 0.5195182417780161, 0.5188724694252014, 0.5117969539314509, 0.5078174589127302, 0.5045676926225424, 0.5039918782413005, 0.500791713103652, 0.4953979226350784, 0.49281257764995096, 0.4876406196504831, 0.48105763190984724, 0.47936335226893423, 0.47924556803703305, 0.47882020416855814, 0.4766667578071356, 0.471721161454916, 0.47343432499468324, 0.466837526127696, 0.46528386090695856, 0.4626134911775589, 0.46224950459599495], "train_loss": [1.4806820430755616, 1.0240247874855994, 0.8674295117259025, 0.7865156497955322, 0.7366965007185936, 0.7005917971730232, 0.6708601169288159, 0.644241826415062, 0.6194596703052521, 0.5960240080356598, 0.5737578764259815, 0.5551127819120883, 0.537578128606081, 0.5203523325771093, 0.5077031716108322, 0.49571297308802603, 0.4850975197702646, 0.4755312906801701, 0.46674178881943224, 0.45936345161497594, 0.45147198644280434, 0.44440417242050173, 0.438423148393631, 0.43276847307384014, 0.4294881669431925, 0.4253842553496361, 0.41858625929057597, 0.4157061293721199, 0.4106038691401482, 0.40842600145936014, 0.40378175424039364, 0.39925351114571095, 0.39789651657640934, 0.39712615095078946, 0.3935514206290245, 0.3904885134100914, 0.3863954813629389, 0.3841377591341734, 0.38007824678719043, 0.3790149480551481, 0.3750702489167452, 0.37330972374230625, 0.37324400821328163, 0.3686236670166254, 0.3675523118674755, 0.3648003115057945, 0.3635878403931856, 0.3605408225804567, 0.3589251011610031, 0.35623198010027407], "valid_loss": [1.4849781954359866, 1.0343152720057323, 0.8812810657267085, 0.8013997441994216, 0.7516870939446066, 0.7171349737815514, 0.6893082685813219, 0.6639556483237329, 0.6395373488971573, 0.6173029848915375, 0.5960072812562931, 0.5787780500814587, 0.5632261094932784, 0.5460230583202339, 0.5347648321868417, 0.5231759034231037, 0.5137714993454026, 0.5043935802525389, 0.49616875307645625, 0.4899971847405691, 0.4831676438540042, 0.47502766844041333, 0.4713771315570363, 0.4665883471687397, 0.46316671344691407, 0.46059293777285937, 0.45415141750238613, 0.45077115413314567, 0.4466392193547266, 0.4445139668480365, 0.44107539809035684, 0.43630962064880097, 0.43600281305655747, 0.43538657089550337, 0.43414383216532404, 0.4288919640336922, 0.4264227664934661, 0.4241749282904014, 0.421873961737056, 0.4208823699437216, 0.4179681985678073, 0.4154830310872929, 0.41627060697821083, 0.41119049248581163, 0.41165765281208977, 0.4094105463720367, 0.40897735864102486, 0.40675001783285314, 0.40607943907826244, 0.4033334604994266], "train_acc_inc": [0.27521666666666667, 0.4746166666666667, 0.5737, 0.6253166666666666, 0.6560333333333334, 0.6781666666666667, 0.6954166666666667, 0.7125333333333334, 0.7243833333333334, 0.7357333333333334, 0.7468833333333333, 0.7553833333333333, 0.7620666666666667, 0.7710833333333333, 0.7776166666666666, 0.78405, 0.7867, 0.7925666666666666, 0.7961166666666667, 0.8003333333333333, 0.80335, 0.80565, 0.8082, 0.8111833333333334, 0.8129166666666666, 0.8166666666666667, 0.8175833333333333, 0.819, 0.82305, 0.8229333333333333, 0.8226, 0.8252166666666667, 0.8264666666666667, 0.8266666666666667, 0.8282166666666667, 0.82895, 0.8324333333333334, 0.8325333333333333, 0.8324666666666667, 0.83575, 0.83765, 0.8352833333333334, 0.8355166666666667, 0.8396, 0.8415, 0.8398333333333333, 0.84065, 0.8423166666666667, 0.8444833333333334, 0.8430333333333333], "train_acc": [0.5710333333333333, 0.62335, 0.6682166666666667, 0.7053333333333334, 0.7228, 0.7388, 0.75275, 0.7629, 0.77665, 0.7886833333333333, 0.7966666666666666, 0.8052166666666667, 0.8137166666666666, 0.8191833333333334, 0.8212833333333334, 0.8259166666666666, 0.8291, 0.8336, 0.8343833333333334, 0.8376166666666667, 0.8398333333333333, 0.8421666666666666, 0.8444333333333334, 0.84575, 0.8467166666666667, 0.8469, 0.8512666666666666, 0.8512833333333333, 0.8527666666666667, 0.8543666666666667, 0.85635, 0.85625, 0.85815, 0.85825, 0.8579, 0.8596666666666667, 0.8608166666666667, 0.86235, 0.8629833333333333, 0.8638166666666667, 0.86515, 0.8666, 0.86605, 0.8682666666666666, 0.8675666666666667, 0.8683333333333333, 0.86965, 0.8695166666666667, 0.8713666666666666, 0.8717], "valid_acc": [0.5637, 0.6147, 0.6603, 0.695, 0.7127, 0.7279, 0.744, 0.7551, 0.7675, 0.7777, 0.7858, 0.7926, 0.8009, 0.8048, 0.8092, 0.8133, 0.8176, 0.8216, 0.8221, 0.825, 0.8276, 0.8295, 0.8328, 0.8333, 0.8323, 0.8328, 0.8372, 0.8376, 0.8381, 0.839, 0.8406, 0.8431, 0.8428, 0.8434, 0.8423, 0.8462, 0.8463, 0.8487, 0.8491, 0.8478, 0.8506, 0.8518, 0.8523, 0.8541, 0.8535, 0.8544, 0.8548, 0.8548, 0.8561, 0.8582]}